"freq,unit,vehicle,geo\TIME_PERIOD",1999 ,2000 ,2001 ,2002 ,2003 ,2004 ,2005 ,2006 ,2007 ,2008 ,2009 ,2010 ,2011 ,2012 ,2013 ,2014 ,2015 ,2016 ,2017 ,2018 ,2019 ,2020 ,2021 ,2022 
"A,NR,ANI_RD,BE",: ,: ,: ,: ,: ,: ,: ,: ,: ,: ,: ,0 ,2 ,2 ,0 ,1 ,1 ,0 ,0 ,0 ,1 ,0 ,2 ,1 
"A,NR,ANI_RD,BG",: ,: ,: ,: ,: ,: ,: ,: ,: ,: ,: ,9 ,7 ,12 ,5 ,3 ,5 ,6 ,5 ,6 ,6 ,3 ,2 ,: 
"A,NR,ANI_RD,DK",: ,: ,: ,: ,: ,: ,: ,: ,: ,: ,: ,: ,0 ,0 ,1 ,0 ,1 ,0 ,0 ,0 ,: ,1 ,2 ,0 
"A,NR,ANI_RD,EE",: ,: ,: ,: ,: ,: ,: ,: ,: ,: ,: ,: ,: ,: ,: ,: ,: ,: ,: ,0 ,: ,: ,: ,: 
"A,NR,ANI_RD,EU27_2020",: ,: ,: ,: ,: ,1 ,: ,: ,: ,: ,0 ,16 ,21 ,22 ,7 ,9 ,16 ,10 ,9 ,8 ,11 ,5 ,7 p,1 p
"A,NR,ANI_RD,HR",: ,: ,: ,: ,: ,: ,: ,: ,: ,: ,: ,: ,: ,: ,: ,: ,: ,0 ,: ,0 ,0 ,: ,: ,0 
"A,NR,ANI_RD,HU",: ,: ,: ,: ,: ,: ,: ,: ,: ,: ,: ,3 ,6 ,5 ,0 ,2 ,2 ,3 ,1 ,1 ,3 ,1 ,1 ,0 
"A,NR,ANI_RD,IS",: ,: ,: ,: ,: ,: ,: ,1 ,: ,: ,: ,: ,: ,: ,0 ,: ,: ,: ,0 ,: ,: ,: ,: ,: 
"A,NR,ANI_RD,IT",: ,: ,: ,: ,: ,: ,: ,: ,: ,: ,: ,1 ,3 ,2 ,0 ,1 ,2 ,1 ,1 ,0 ,1 ,0 ,0 ,0 
"A,NR,ANI_RD,LT",: ,: ,: ,: ,: ,: ,: ,: ,: ,: ,: ,: ,: ,: ,: ,: ,: ,: ,0 ,: ,0 ,: ,: ,: 
"A,NR,ANI_RD,LV",: ,: ,: ,: ,: ,1 ,: ,: ,: ,: ,0 ,2 ,: ,: ,0 ,1 ,: ,: ,: ,: ,: ,: ,: ,: 
"A,NR,ANI_RD,MT",: ,: ,: ,: ,: ,: ,: ,: ,: ,: ,: ,: ,: ,: ,: ,: ,0 ,0 ,: ,: ,0 ,: ,: ,: 
"A,NR,ANI_RD,NO",: ,: ,0 ,1 ,0 ,0 ,0 ,0 ,0 ,0 ,0 ,0 ,0 ,0 ,0 ,2 ,0 ,0 ,0 ,: ,0 ,0 ,: ,0 
"A,NR,ANI_RD,PT",: ,: ,: ,: ,: ,: ,: ,: ,: ,: ,: ,1 ,3 ,1 ,1 ,1 ,5 ,0 ,2 ,1 ,0 ,0 ,0 ,0 
"A,NR,ANI_RD,SE",: ,: ,: ,: ,: ,: ,: ,: ,: ,: ,: ,: ,: ,: ,: ,: ,: ,: ,: ,: ,: ,0 ,0 ,0 
"A,NR,ANI_RD,UK",: ,: ,: ,: ,: ,: ,: ,: ,: ,: ,: ,3 ,4 ,4 ,2 ,1 ,0 ,0 ,0 ,3 ,: ,: ,: ,: 
"A,NR,BIKE,AT",68 ,62 ,55 ,80 ,56 ,58 ,47 ,48 ,37 ,62 ,39 ,32 ,42 ,52 ,52 ,45 ,39 ,48 ,32 ,24 ,22 ,19 ,26 ,20 
"A,NR,BIKE,BE",122 ,134 ,130 ,105 ,110 ,79 ,71 ,92 ,90 ,86 ,89 ,73 ,74 ,84 ,83 ,82 ,90 ,81 ,76 ,89 ,95 ,85 ,86 ,100 
"A,NR,BIKE,BG",: ,: ,: ,: ,: ,: ,: ,: ,: ,35 ,29 ,27 ,17 ,32 ,31 ,29 ,29 ,35 ,22 ,21 ,27 ,19 ,17 ,25 
"A,NR,BIKE,CH",: ,: ,38 ,26 ,48 ,42 ,37 ,35 ,30 ,27 ,54 ,34 ,39 ,36 ,21 ,34 ,39 ,33 ,37 ,39 ,27 ,44 ,39 ,19 
"A,NR,BIKE,CY",: ,: ,: ,: ,: ,: ,1 ,2 ,3 ,6 ,2 ,2 ,2 ,1 ,2 ,1 ,1 ,0 ,4 ,1 ,1 ,1 ,1 ,4 
"A,NR,BIKE,CZ",142 ,151 ,141 ,160 ,159 ,131 ,115 ,110 ,116 ,93 ,84 ,80 ,63 ,78 ,74 ,68 ,84 ,53 ,57 ,56 ,53 ,51 ,64 ,54 
"A,NR,BIKE,DE",: ,659 ,635 ,583 ,616 ,475 ,575 ,486 ,425 ,456 ,462 ,381 ,399 ,406 ,354 ,396 ,383 ,393 ,382 ,445 ,445 ,426 ,241 ,266 
"A,NR,BIKE,DK",59 ,58 ,56 ,52 ,47 ,53 ,41 ,31 ,54 ,54 ,25 ,26 ,30 ,22 ,33 ,30 ,26 ,31 ,27 ,28 ,31 ,19 ,22 ,14 
"A,NR,BIKE,EE",: ,: ,: ,: ,: ,: ,7 ,13 ,13 ,9 ,7 ,0 ,0 ,0 ,0 ,0 ,0 ,4 ,1 ,3 ,2 ,1 ,7 ,3 
"A,NR,BIKE,EL",23 ,22 ,29 ,14 ,21 ,24 ,18 ,21 ,16 ,22 ,15 ,23 ,13 ,21 ,15 ,19 ,11 ,18 ,11 ,12 ,22 ,12 ,14 ,: 
"A,NR,BIKE,ES",118 ,81 ,97 ,93 ,75 ,85 ,78 ,68 ,86 ,55 ,55 ,63 ,47 ,72 ,68 ,74 ,58 ,67 ,78 ,58 ,80 ,71 ,63 ,81 
"A,NR,BIKE,EU27_2020",1737 ,3073 ,2963 ,2865 ,3024 ,2790 ,2825 ,2605 ,2542 ,2407 ,2205 ,1963 ,1948 ,2045 ,1895 ,2019 ,1953 ,1990 ,1916 ,1974 ,2020 ,1822 ,1625 p,1592 p
"A,NR,BIKE,FI",63 ,53 ,59 ,53 ,39 ,26 ,43 ,29 ,22 ,18 ,20 ,26 ,19 ,19 ,20 ,27 ,31 ,26 ,23 ,21 ,23 ,31 ,24 ,18 
"A,NR,BIKE,FR",321 ,266 ,253 ,221 ,199 ,174 ,180 ,181 ,142 ,148 ,162 ,147 ,141 ,164 ,147 ,159 ,149 ,162 ,173 ,175 ,187 ,162 ,202 ,202 
"A,NR,BIKE,HR",: ,: ,: ,: ,: ,: ,: ,: ,28 ,47 ,29 ,28 ,28 ,21 ,23 ,19 ,34 ,27 ,23 ,22 ,16 ,9 ,28 ,9 
"A,NR,BIKE,HU",: ,: ,: ,: ,178 ,183 ,152 ,153 ,158 ,109 ,103 ,92 ,85 ,84 ,68 ,98 ,83 ,73 ,81 ,68 ,63 ,40 ,53 ,42 
"A,NR,BIKE,IE",14 ,10 ,12 ,18 ,10 ,11 ,10 ,9 ,15 ,13 ,7 ,5 ,9 ,8 ,5 ,13 ,10 ,10 ,14 ,9 ,8 ,10 ,: ,: 
"A,NR,BIKE,IS",: ,: ,: ,0 ,0 ,0 ,0 ,0 ,0 ,0 ,0 ,0 ,0 ,0 ,0 ,0 ,1 ,0 ,2 ,0 ,0 ,0 ,1 ,0 
"A,NR,BIKE,IT",402 ,401 ,366 ,326 ,355 ,322 ,335 ,311 ,352 ,288 ,295 ,265 ,282 ,292 ,251 ,273 ,251 ,275 ,254 ,219 ,253 ,169 ,207 ,185 
"A,NR,BIKE,LT",: ,: ,: ,: ,: ,: ,: ,: ,: ,: ,: ,: ,: ,: ,18 ,19 ,22 ,12 ,13 ,8 ,9 ,12 ,10 ,5 
"A,NR,BIKE,LU",0 ,1 ,1 ,1 ,0 ,0 ,1 ,0 ,0 ,0 ,2 ,1 ,2 ,0 ,0 ,0 ,0 ,1 ,0 ,3 ,0 ,3 ,0 ,0 
"A,NR,BIKE,LV",: ,: ,: ,: ,: ,30 ,31 ,33 ,18 ,15 ,26 ,13 ,15 ,18 ,13 ,16 ,9 ,7 ,11 ,9 ,9 ,17 ,: ,: 
"A,NR,BIKE,MT",: ,: ,: ,: ,: ,: ,0 ,0 ,0 ,0 ,0 ,0 ,: ,: ,: ,: ,0 ,1 ,0 ,1 ,0 ,0 ,0 ,: 
"A,NR,BIKE,NL",194 ,198 ,195 ,169 ,188 ,157 ,151 ,179 ,147 ,145 ,138 ,119 ,144 ,145 ,112 ,133 ,125 ,131 ,138 ,160 ,148 ,158 ,145 ,143 
"A,NR,BIKE,NO",: ,: ,6 ,12 ,14 ,10 ,7 ,8 ,7 ,10 ,9 ,5 ,12 ,12 ,10 ,12 ,5 ,12 ,9 ,7 ,6 ,3 ,4 ,6 
"A,NR,BIKE,PL",: ,692 ,610 ,681 ,647 ,691 ,603 ,509 ,498 ,433 ,371 ,280 ,314 ,300 ,306 ,286 ,300 ,271 ,220 ,285 ,258 ,249 ,185 ,170 
"A,NR,BIKE,PT",40 ,55 ,51 ,56 ,61 ,46 ,47 ,39 ,32 ,41 ,28 ,33 ,45 ,32 ,29 ,35 ,25 ,33 ,25 ,26 ,27 ,19 ,34 ,31 
"A,NR,BIKE,RO",126 ,157 ,145 ,132 ,156 ,130 ,206 ,198 ,179 ,179 ,157 ,182 ,140 ,154 ,161 ,151 ,162 ,176 ,191 ,181 ,198 ,191 ,149 ,160 
"A,NR,BIKE,SE",45 ,47 ,43 ,42 ,35 ,27 ,38 ,26 ,33 ,30 ,20 ,21 ,21 ,28 ,14 ,33 ,17 ,22 ,26 ,23 ,17 ,16 ,20 ,23 
"A,NR,BIKE,SI",: ,26 ,16 ,18 ,0 ,22 ,19 ,15 ,17 ,17 ,18 ,17 ,16 ,12 ,16 ,13 ,14 ,12 ,11 ,8 ,9 ,8 ,10 ,11 
"A,NR,BIKE,SK",: ,: ,69 ,61 ,72 ,66 ,56 ,52 ,61 ,46 ,22 ,27 ,: ,: ,: ,: ,: ,21 ,23 ,19 ,17 ,24 ,17 ,26 
"A,NR,BIKE,UK",173 ,131 ,140 ,133 ,116 ,136 ,152 ,147 ,138 ,117 ,104 ,111 ,109 ,120 ,113 ,116 ,100 ,105 ,103 ,100 ,: ,: ,: ,: 
"A,NR,BUS,AT",21 ,13 ,14 ,5 ,0 ,9 ,2 ,8 ,4 ,2 ,2 ,8 ,0 ,2 ,0 ,1 ,0 ,1 ,0 ,2 ,1 ,1 ,1 ,1 
"A,NR,BUS,BE",4 ,8 ,9 ,9 ,1 ,5 ,0 ,0 ,4 ,2 ,1 ,0 ,0 ,2 ,0 ,1 ,2 ,0 ,1 ,2 ,1 ,1 ,1 ,0 
"A,NR,BUS,BG",: ,: ,: ,: ,: ,: ,: ,: ,: ,5 ,5 ,3 ,11 ,2 ,1 ,4 ,3 ,5 ,14 ,28 ,3 ,8 ,49 ,6 
"A,NR,BUS,CH",: ,: ,1 ,0 ,1 ,0 ,13 ,0 ,0 ,3 ,0 ,2 ,2 ,31 ,0 ,0 ,0 ,1 ,0 ,: ,: ,: ,: ,: 
"A,NR,BUS,CY",: ,: ,: ,: ,: ,: ,0 ,2 ,0 ,0 ,0 ,0 ,0 ,0 ,0 ,0 ,0 ,1 ,0 ,0 ,0 ,0 ,0 ,0 
"A,NR,BUS,CZ",15 ,2 ,7 ,6 ,29 ,17 ,0 ,10 ,2 ,0 ,3 ,1 ,4 ,2 ,2 ,3 ,1 ,0 ,4 ,3 ,3 ,3 ,1 ,2 
"A,NR,BUS,DE",: ,9 ,11 ,12 ,17 ,16 ,9 ,12 ,24 ,10 ,11 ,32 ,10 ,2 ,9 ,5 ,4 ,3 ,4 ,7 ,6 ,9 ,5 ,8 
"A,NR,BUS,DK",1 ,4 ,2 ,4 ,10 ,1 ,3 ,3 ,3 ,0 ,0 ,0 ,: ,: ,: ,: ,: ,: ,: ,: ,: ,: ,: ,: 
"A,NR,BUS,EE",: ,: ,: ,: ,: ,: ,1 ,1 ,0 ,0 ,2 ,4 ,1 ,2 ,2 ,8 ,1 ,1 ,0 ,1 ,2 ,0 ,0 ,0 
"A,NR,BUS,EL",13 ,9 ,4 ,9 ,38 ,8 ,8 ,4 ,0 ,4 ,0 ,2 ,4 ,8 ,2 ,2 ,3 ,0 ,0 ,0 ,0 ,0 ,1 ,: 
"A,NR,BUS,ES",38 ,42 ,47 ,12 ,23 ,3 ,22 ,33 ,13 ,26 ,18 ,3 ,3 ,3 ,11 ,26 ,2 ,21 ,3 ,12 ,3 ,3 ,5 ,13 
"A,NR,BUS,EU27_2020",155 ,199 ,238 ,197 ,307 ,224 ,191 ,175 ,200 ,127 ,128 ,107 ,91 ,73 ,69 ,79 ,56 ,84 ,49 ,95 ,73 ,44 ,102 p,52 p
"A,NR,BUS,FI",5 ,0 ,3 ,3 ,0 ,24 ,2 ,2 ,0 ,0 ,1 ,0 ,2 ,: ,: ,: ,: ,: ,: ,: ,: ,: ,: ,: 
"A,NR,BUS,FR",8 ,19 ,13 ,10 ,16 ,20 ,15 ,8 ,35 ,20 ,5 ,4 ,0 ,7 ,7 ,3 ,1 ,8 ,2 ,0 ,2 ,3 ,1 ,0 
"A,NR,BUS,HR",: ,: ,: ,: ,: ,: ,: ,: ,6 ,17 ,0 ,0 ,0 ,8 ,1 ,0 ,1 ,: ,1 ,: ,: ,: ,: ,: 
"A,NR,BUS,HU",: ,: ,: ,: ,38 ,6 ,4 ,14 ,14 ,3 ,3 ,12 ,30 ,3 ,6 ,1 ,1 ,10 ,3 ,3 ,1 ,2 ,17 ,2 
"A,NR,BUS,IE",1 ,0 ,0 ,1 ,0 ,0 ,5 ,3 ,1 ,0 ,1 ,1 ,0 ,1 ,0 ,0 ,0 ,0 ,: ,: ,: ,: ,: ,: 
"A,NR,BUS,IT",20 ,17 ,19 ,18 ,23 ,25 ,12 ,24 ,18 ,11 ,2 ,7 ,2 ,0 ,1 ,1 ,3 ,0 ,1 ,4 ,2 ,0 ,0 ,0 
"A,NR,BUS,LT",: ,: ,: ,: ,: ,: ,: ,: ,: ,: ,: ,: ,: ,: ,0 ,0 ,1 ,0 ,1 ,0 ,0 ,0 ,0 ,0 
"A,NR,BUS,LU",0 ,0 ,0 ,0 ,0 ,0 ,0 ,0 ,0 ,0 ,0 ,0 ,0 ,0 ,0 ,0 ,0 ,0 ,0 ,0 ,0 ,0 ,0 ,0 
"A,NR,BUS,LV",: ,: ,: ,: ,: ,10 ,2 ,1 ,3 ,1 ,1 ,3 ,1 ,: ,: ,0 ,0 ,0 ,0 ,1 ,0 ,: ,: ,: 
"A,NR,BUS,MT",: ,: ,: ,: ,: ,: ,0 ,0 ,0 ,0 ,0 ,0 ,: ,: ,: ,: ,0 ,0 ,0 ,0 ,0 ,0 ,0 ,: 
"A,NR,BUS,NL",0 ,0 ,1 ,1 ,0 ,0 ,0 ,1 ,1 ,3 ,0 ,1 ,0 ,1 ,0 ,1 ,1 ,0 ,0 ,0 ,0 ,0 ,1 ,1 
"A,NR,BUS,NO",: ,: ,3 ,2 ,1 ,0 ,0 ,0 ,3 ,0 ,1 ,1 ,0 ,0 ,3 ,3 ,1 ,1 ,2 ,0 ,0 ,1 ,1 ,1 
"A,NR,BUS,PL",: ,50 ,59 ,43 ,51 ,43 ,52 ,15 ,17 ,11 ,19 ,14 ,12 ,18 ,18 ,12 ,14 ,8 ,3 ,19 ,10 ,9 ,11 ,10 
"A,NR,BUS,PT",9 ,4 ,27 ,7 ,2 ,3 ,2 ,1 ,15 ,1 ,5 ,: ,: ,: ,: ,: ,: ,: ,: ,: ,: ,: ,: ,: 
"A,NR,BUS,RO",19 ,22 ,15 ,52 ,33 ,26 ,42 ,19 ,26 ,6 ,36 ,10 ,9 ,10 ,8 ,9 ,18 ,23 ,7 ,11 ,27 ,4 ,8 ,7 
"A,NR,BUS,SE",1 ,0 ,6 ,5 ,10 ,4 ,1 ,10 ,6 ,1 ,0 ,2 ,2 ,2 ,1 ,2 ,0 ,1 ,4 ,0 ,0 ,0 ,1 ,2 
"A,NR,BUS,SI",: ,0 ,0 ,0 ,0 ,1 ,1 ,0 ,0 ,0 ,1 ,0 ,: ,: ,0 ,: ,: ,: ,: ,: ,: ,: ,: ,: 
"A,NR,BUS,SK",: ,: ,1 ,0 ,16 ,3 ,8 ,4 ,8 ,4 ,12 ,0 ,: ,: ,: ,: ,: ,2 ,1 ,2 ,12 ,1 ,0 ,0 
"A,NR,BUS,UK",26 ,29 ,42 ,26 ,29 ,28 ,21 ,28 ,14 ,14 ,16 ,: ,: ,: ,: ,: ,: ,: ,: ,: ,: ,: ,: ,: 
"A,NR,BUS_MIN,BE",: ,: ,: ,: ,: ,: ,: ,: ,: ,: ,: ,1 ,1 ,1 ,0 ,2 ,1 ,0 ,0 ,0 ,0 ,0 ,1 ,1 
"A,NR,BUS_MIN,BG",: ,: ,: ,: ,: ,: ,: ,: ,: ,: ,: ,: ,: ,: ,: ,: ,: ,: ,0 ,0 ,: ,: ,0 ,0 
"A,NR,BUS_MIN,ES",: ,: ,: ,: ,: ,: ,: ,: ,: ,: ,: ,: ,: ,: ,: ,0 ,0 ,0 ,0 ,0 ,0 ,0 ,0 ,0 
"A,NR,BUS_MIN,EU27_2020",: ,: ,: ,: ,: ,0 ,2 ,: ,: ,0 ,0 ,2 ,2 ,1 ,1 ,2 ,3 ,0 ,0 ,0 ,0 ,0 ,1 p,1 p
"A,NR,BUS_MIN,IS",: ,: ,: ,0 ,0 ,0 ,0 ,0 ,0 ,0 ,0 ,0 ,0 ,0 ,0 ,0 ,0 ,0 ,0 ,0 ,0 ,0 ,0 ,0 
"A,NR,BUS_MIN,LT",: ,: ,: ,: ,: ,: ,: ,: ,: ,: ,: ,: ,: ,: ,1 ,0 ,0 ,0 ,0 ,0 ,0 ,0 ,0 ,0 
"A,NR,BUS_MIN,LU",: ,: ,: ,: ,: ,: ,: ,: ,: ,: ,: ,: ,0 ,0 ,0 ,0 ,0 ,0 ,0 ,0 ,0 ,0 ,0 ,0 
"A,NR,BUS_MIN,LV",: ,: ,: ,: ,: ,0 ,2 ,: ,: ,0 ,0 ,1 ,1 ,0 ,0 ,0 ,2 ,0 ,0 ,0 ,0 ,: ,: ,: 
"A,NR,BUS_MIN,MT",: ,: ,: ,: ,: ,: ,: ,: ,: ,: ,: ,: ,: ,: ,: ,: ,0 ,0 ,0 ,0 ,0 ,0 ,0 ,: 
"A,NR,BUS_MIN,NO",: ,: ,0 ,0 ,1 ,1 ,1 ,0 ,1 ,1 ,0 ,2 ,3 ,0 ,0 ,0 ,0 ,0 ,0 ,0 ,1 ,0 ,0 ,0 
"A,NR,BUS_MIN,SI",: ,: ,: ,: ,: ,: ,: ,: ,: ,: ,: ,: ,: ,: ,: ,: ,: ,: ,: ,: ,0 ,0 ,0 ,0 
"A,NR,BUS_MIN,SK",: ,: ,: ,: ,: ,: ,: ,: ,: ,: ,: ,: ,: ,: ,: ,: ,: ,0 ,0 ,0 ,0 ,0 ,0 ,0 
"A,NR,BUS_MIN,UK",: ,: ,: ,: ,: ,: ,: ,: ,: ,: ,: ,5 ,5 ,1 ,2 ,4 ,2 ,4 ,8 ,8 ,: ,: ,: ,: 
"A,NR,BUS_TOT,BE",: ,: ,: ,: ,: ,: ,: ,: ,: ,: ,: ,0 ,1 ,1 ,5 ,1 ,1 ,0 ,0 ,0 ,0 ,: ,: ,: 
"A,NR,BUS_TOT,BG",: ,: ,: ,: ,: ,: ,: ,: ,: ,: ,: ,: ,: ,: ,: ,: ,: ,: ,: ,: ,: ,0 ,: ,: 
"A,NR,BUS_TOT,CH",: ,: ,5 ,1 ,3 ,0 ,0 ,2 ,0 ,1 ,0 ,2 ,0 ,1 ,0 ,0 ,0 ,0 ,0 ,3 ,1 ,1 ,0 ,0 
"A,NR,BUS_TOT,DK",: ,: ,: ,: ,: ,: ,: ,: ,: ,: ,: ,: ,0 ,1 ,0 ,0 ,0 ,3 ,0 ,0 ,0 ,0 ,0 ,0 
"A,NR,BUS_TOT,EU27_2020",: ,: ,: ,: ,: ,: ,: ,: ,: ,: ,1 ,2 ,3 ,15 ,65 ,8 ,12 ,8 ,20 ,8 ,33 ,2 ,12 p,23 p
"A,NR,BUS_TOT,FI",: ,: ,: ,: ,: ,: ,: ,: ,: ,: ,: ,: ,: ,1 ,1 ,0 ,0 ,0 ,2 ,5 ,0 ,0 ,0 ,0 
"A,NR,BUS_TOT,HR",: ,: ,: ,: ,: ,: ,: ,: ,: ,: ,: ,: ,: ,: ,: ,: ,: ,2 ,: ,0 ,0 ,0 ,10 ,12 
"A,NR,BUS_TOT,IE",: ,: ,: ,: ,: ,: ,: ,: ,: ,: ,: ,: ,: ,: ,: ,: ,: ,: ,0 ,1 ,0 ,0 ,: ,: 
"A,NR,BUS_TOT,IS",: ,: ,: ,0 ,0 ,0 ,0 ,1 ,0 ,0 ,0 ,0 ,0 ,0 ,0 ,0 ,0 ,0 ,2 ,1 ,0 ,0 ,0 ,0 
"A,NR,BUS_TOT,IT",: ,: ,: ,: ,: ,: ,: ,: ,: ,: ,: ,2 ,1 ,7 ,47 ,4 ,3 ,3 ,17 ,1 ,3 ,1 ,2 ,7 
"A,NR,BUS_TOT,LV",: ,: ,: ,: ,: ,: ,: ,: ,: ,: ,1 ,0 ,0 ,3 ,1 ,1 ,0 ,0 ,: ,: ,: ,0 ,: ,: 
"A,NR,BUS_TOT,PT",: ,: ,: ,: ,: ,: ,: ,: ,: ,: ,: ,0 ,1 ,2 ,11 ,2 ,8 ,0 ,1 ,1 ,29 ,1 ,0 ,4 
"A,NR,BUS_TOT,SI",: ,: ,: ,: ,: ,: ,: ,: ,: ,: ,: ,: ,0 ,0 ,0 ,0 ,0 ,0 ,0 ,0 ,1 ,0 ,0 ,0 
"A,NR,BUS_TOT,UK",: ,: ,: ,: ,: ,: ,: ,: ,: ,: ,: ,9 ,7 ,11 ,10 ,7 ,5 ,9 ,7 ,8 ,: ,: ,: ,: 
"A,NR,BUS_TRO,BG",: ,: ,: ,: ,: ,: ,: ,: ,: ,0 ,0 ,0 ,0 ,0 ,0 ,0 ,0 ,: ,1 ,0 ,0 ,0 ,0 ,0 
"A,NR,BUS_TRO,CH",: ,: ,0 ,0 ,0 ,0 ,0 ,0 ,0 ,0 ,0 ,0 ,1 ,0 ,0 ,2 ,1 ,0 ,1 ,: ,: ,: ,: ,: 
"A,NR,BUS_TRO,DE",: ,: ,: ,: ,: ,: ,: ,: ,: ,: ,: ,: ,: ,0 ,0 ,0 ,0 ,0 ,0 ,0 ,0 ,0 ,0 ,0 
"A,NR,BUS_TRO,EE",: ,: ,: ,: ,: ,: ,: ,: ,: ,: ,: ,: ,: ,: ,: ,: ,: ,0 ,0 ,0 ,0 ,0 ,0 ,0 
"A,NR,BUS_TRO,EU27_2020",: ,: ,: ,: ,: ,1 ,1 ,: ,: ,0 ,0 ,1 ,0 ,0 ,0 ,0 ,0 ,0 ,2 ,0 ,0 ,0 ,0 p,0 p
"A,NR,BUS_TRO,HU",: ,: ,: ,: ,: ,: ,: ,: ,: ,: ,: ,0 ,0 ,0 ,0 ,0 ,0 ,0 ,1 ,0 ,0 ,0 ,0 ,0 
"A,NR,BUS_TRO,LT",: ,: ,: ,: ,: ,: ,: ,: ,: ,: ,: ,: ,: ,: ,: ,: ,: ,0 ,: ,: ,: ,: ,: ,: 
"A,NR,BUS_TRO,LV",: ,: ,: ,: ,: ,1 ,1 ,: ,: ,0 ,: ,1 ,0 ,0 ,0 ,0 ,0 ,0 ,0 ,0 ,0 ,0 ,: ,: 
"A,NR,BUS_TRO,NO",: ,: ,0 ,0 ,0 ,0 ,0 ,0 ,0 ,0 ,0 ,0 ,0 ,0 ,0 ,0 ,0 ,0 ,0 ,0 ,0 ,0 ,0 ,0 
"A,NR,BUS_TRO,SK",: ,: ,: ,: ,: ,: ,: ,: ,: ,: ,: ,: ,: ,: ,: ,: ,: ,0 ,0 ,0 ,0 ,0 ,0 ,0 
"A,NR,CAR,AT",615 ,549 ,570 ,524 ,524 ,480 ,432 ,384 ,378 ,367 ,325 ,291 ,289 ,282 ,194 ,191 ,241 ,191 ,182 ,181 ,200 ,146 ,161 ,180 
"A,NR,CAR,BE",851 ,922 ,899 ,779 ,688 ,623 ,624 ,589 ,550 ,479 ,464 ,450 ,466 ,402 ,367 ,392 ,375 ,343 ,285 ,275 ,306 ,221 ,213 ,215 
"A,NR,CAR,BG",: ,: ,: ,: ,: ,: ,: ,: ,: ,623 ,570 ,478 ,398 ,335 ,367 ,379 ,396 ,456 ,369 ,341 ,348 ,260 ,307 ,323 
"A,NR,CAR,CH",: ,: ,245 ,274 ,260 ,232 ,178 ,156 ,162 ,156 ,136 ,129 ,119 ,104 ,103 ,97 ,75 ,75 ,78 ,79 ,65 ,71 ,65 ,87 
"A,NR,CAR,CY",: ,: ,: ,: ,: ,: ,45 ,32 ,37 ,26 ,24 ,19 ,31 ,18 ,16 ,15 ,24 ,10 ,14 ,15 ,14 ,18 ,20 ,11 
"A,NR,CAR,CZ",775 ,784 ,715 ,759 ,798 ,779 ,679 ,567 ,661 ,573 ,497 ,403 ,404 ,368 ,308 ,347 ,365 ,328 ,279 ,333 ,329 ,269 ,244 ,278 
"A,NR,CAR,DE",: ,4396 ,4023 ,4005 ,3774 ,3238 ,2833 ,2683 ,2625 ,2368 ,2110 ,1840 ,1986 ,1791 ,1588 ,1579 ,1624 ,1537 ,1437 ,1424 ,1364 ,1170 ,1118 ,1192 
"A,NR,CAR,DK",271 ,235 ,242 ,246 ,236 ,186 ,169 ,138 ,168 ,196 ,164 ,135 ,106 ,81 ,79 ,89 ,74 ,96 ,99 ,65 ,87 ,80 ,54 ,68 
"A,NR,CAR,EE",: ,: ,: ,: ,: ,: ,88 ,106 ,122 ,69 ,54 ,44 ,56 ,42 ,41 ,33 ,35 ,33 ,27 ,21 ,20 ,7 ,22 ,24 
"A,NR,CAR,EL",886 ,922 ,803 ,793 ,761 ,775 ,816 ,722 ,771 ,708 ,680 ,545 ,474 ,383 ,347 ,289 ,314 ,340 ,285 ,267 ,202 ,205 ,226 ,: 
"A,NR,CAR,ES",3186 ,3285 ,3140 ,3102 ,3212 ,2691 ,2390 ,2095 ,1817 ,1493 ,1258 ,1187 ,973 ,868 ,712 ,719 ,693 ,754 ,799 ,732 ,641 ,544 ,611 ,681 
"A,NR,CAR,EU27_2020",19012 ,26149 ,25337 ,24658 ,23383 ,21556 ,20385 ,18709 ,18515 ,17652 ,15629 ,14069 ,13189 ,11997 ,10789 ,10674 ,11078 ,11140 ,10677 ,10375 ,10076 ,8312 ,8751 p,8837 p
"A,NR,CAR,FI",251 ,224 ,262 ,267 ,217 ,221 ,231 ,203 ,241 ,202 ,165 ,159 ,172 ,147 ,152 ,121 ,159 ,150 ,133 ,146 ,123 ,127 ,127 ,120 
"A,NR,CAR,FR",5454 ,5291 ,5284 ,4862 ,3685 ,3365 ,3065 ,2627 ,2466 ,2205 ,2162 ,2117 ,2062 ,1881 ,1615 ,1663 ,1796 ,1760 ,1767 ,1637 ,1622 ,1243 ,1414 ,1565 
"A,NR,CAR,HR",: ,: ,: ,: ,: ,: ,: ,: ,309 ,303 ,284 ,205 ,215 ,186 ,195 ,141 ,164 ,148 ,187 ,154 ,141 ,126 ,129 ,143 
"A,NR,CAR,HU",: ,: ,: ,: ,640 ,606 ,620 ,630 ,555 ,448 ,386 ,330 ,268 ,253 ,254 ,256 ,304 ,269 ,277 ,291 ,273 ,219 ,267 ,273 
"A,NR,CAR,IE",236 ,262 ,231 ,202 ,174 ,205 ,222 ,226 ,171 ,160 ,146 ,129 ,95 ,90 ,107 ,103 ,89 ,106 ,78 ,59 ,81 ,69 ,: ,: 
"A,NR,CAR,IS",: ,: ,: ,26 ,17 ,15 ,15 ,20 ,11 ,10 ,9 ,4 ,7 ,6 ,11 ,3 ,12 ,13 ,9 ,12 ,3 ,5 ,4 ,3 
"A,NR,CAR,IT",3796 ,3850 ,3847 ,3653 ,3377 ,3032 ,2830 ,2781 ,2320 ,2115 ,1793 ,1832 ,1673 ,1695 ,1491 ,1497 ,1476 ,1477 ,1472 ,1423 ,1411 ,1018 ,1192 ,1375 
"A,NR,CAR,LT",: ,: ,: ,: ,: ,: ,: ,: ,: ,: ,: ,: ,: ,: ,108 ,118 ,115 ,85 ,84 ,73 ,84 ,78 ,87 ,59 
"A,NR,CAR,LU",49 ,54 ,51 ,52 ,33 ,27 ,38 ,23 ,27 ,20 ,26 ,27 ,21 ,22 ,30 ,24 ,16 ,19 ,13 ,19 ,16 ,9 ,15 ,23 
"A,NR,CAR,LV",: ,: ,: ,: ,: ,228 ,201 ,182 ,203 ,167 ,116 ,91 ,78 ,72 ,71 ,91 ,85 ,71 ,59 ,70 ,62 ,64 ,: ,: 
"A,NR,CAR,MT",: ,: ,: ,: ,: ,: ,3 ,5 ,4 ,4 ,12 ,9 ,: ,: ,: ,: ,4 ,5 ,9 ,5 ,7 ,1 ,3 ,: 
"A,NR,CAR,NL",540 ,513 ,477 ,479 ,483 ,398 ,337 ,323 ,299 ,299 ,288 ,219 ,209 ,218 ,180 ,171 ,214 ,225 ,194 ,245 ,240 ,198 ,180 ,225 
"A,NR,CAR,NO",: ,: ,167 ,189 ,170 ,157 ,130 ,141 ,138 ,151 ,127 ,127 ,102 ,73 ,105 ,72 ,67 ,67 ,57 ,61 ,61 ,41 ,40 ,58 
"A,NR,CAR,PL",: ,2710 ,2438 ,2548 ,2541 ,2459 ,2526 ,2392 ,2582 ,2540 ,2179 ,1853 ,1897 ,1615 ,1448 ,1346 ,1332 ,1417 ,1295 ,1291 ,1333 ,1162 ,1094 ,913 
"A,NR,CAR,PT",816 ,730 ,638 ,706 ,627 ,536 ,493 ,370 ,415 ,355 ,298 ,367 ,331 ,255 ,214 ,223 ,214 ,225 ,204 ,238 ,235 ,198 ,203 ,211 
"A,NR,CAR,RO",914 ,903 ,933 ,874 ,856 ,1012 ,1069 ,992 ,1096 ,1324 ,1168 ,973 ,780 ,798 ,721 ,724 ,787 ,785 ,812 ,737 ,682 ,617 ,800 ,698 
"A,NR,CAR,SE",372 ,393 ,373 ,379 ,349 ,288 ,273 ,261 ,279 ,234 ,219 ,151 ,159 ,142 ,144 ,122 ,144 ,138 ,131 ,181 ,103 ,106 ,103 ,107 
"A,NR,CAR,SI",: ,126 ,107 ,124 ,102 ,124 ,107 ,96 ,126 ,82 ,59 ,44 ,46 ,53 ,40 ,41 ,38 ,45 ,30 ,32 ,28 ,29 ,32 ,21 
"A,NR,CAR,SK",: ,: ,304 ,304 ,306 ,283 ,294 ,282 ,293 ,292 ,182 ,171 ,: ,: ,: ,: ,: ,127 ,156 ,120 ,124 ,128 ,129 ,132 
"A,NR,CAR,UK",1763 ,1770 ,1816 ,1832 ,1841 ,1757 ,1744 ,1687 ,1489 ,1312 ,1123 ,859 ,911 ,829 ,815 ,835 ,798 ,853 ,815 ,799 ,: ,: ,: ,: 
"A,NR,EPAC,AT",: ,: ,: ,: ,: ,: ,: ,: ,: ,: ,: ,: ,: ,: ,: ,: ,: ,: ,: ,17 ,11 ,21 ,24 ,24 
"A,NR,EPAC,BE",: ,: ,: ,: ,: ,: ,: ,: ,: ,: ,: ,: ,: ,: ,: ,: ,: ,: ,: ,: ,: ,2 ,1 ,2 
"A,NR,EPAC,CH",: ,: ,: ,: ,: ,: ,: ,: ,: ,: ,: ,: ,: ,: ,: ,: ,: ,: ,: ,: ,: ,: ,: ,23 
"A,NR,EPAC,DE",: ,: ,: ,: ,: ,: ,: ,: ,: ,: ,: ,: ,: ,: ,: ,: ,: ,: ,: ,: ,: ,: ,131 ,208 
"A,NR,EPAC,DK",: ,: ,: ,: ,: ,: ,: ,: ,: ,: ,: ,: ,: ,: ,: ,: ,: ,: ,: ,: ,: ,8 ,3 ,9 
"A,NR,EPAC,EU27_2020",: ,: ,: ,: ,: ,: ,: ,: ,: ,: ,: ,: ,: ,: ,: ,: ,: ,: ,0 ,17 ,12 ,53 ,198 p,385 p
"A,NR,EPAC,FR",: ,: ,: ,: ,: ,: ,: ,: ,: ,: ,: ,: ,: ,: ,: ,: ,: ,: ,: ,: ,: ,16 ,25 ,43 
"A,NR,EPAC,IS",: ,: ,: ,: ,: ,: ,: ,: ,: ,: ,: ,: ,: ,: ,: ,: ,: ,: ,: ,: ,: ,: ,0 ,0 
"A,NR,EPAC,IT",: ,: ,: ,: ,: ,: ,: ,: ,: ,: ,: ,: ,: ,: ,: ,: ,: ,: ,: ,: ,: ,6 ,13 ,20 
"A,NR,EPAC,LT",: ,: ,: ,: ,: ,: ,: ,: ,: ,: ,: ,: ,: ,: ,: ,: ,: ,: ,0 ,0 ,1 ,0 ,1 ,0 
"A,NR,EPAC,LU",: ,: ,: ,: ,: ,: ,: ,: ,: ,: ,: ,: ,: ,: ,: ,: ,: ,: ,: ,: ,: ,: ,0 ,1 
"A,NR,EPAC,NL",: ,: ,: ,: ,: ,: ,: ,: ,: ,: ,: ,: ,: ,: ,: ,: ,: ,: ,: ,: ,: ,: ,: ,77 
"A,NR,EPAC,SI",: ,: ,: ,: ,: ,: ,: ,: ,: ,: ,: ,: ,: ,: ,: ,: ,: ,: ,: ,: ,: ,0 ,0 ,1 
"A,NR,MCMOB,BE",: ,: ,: ,: ,: ,: ,: ,: ,: ,: ,: ,: ,: ,: ,: ,: ,: ,: ,: ,: ,: ,0 ,0 ,1 
"A,NR,MCMOB,DE",: ,: ,: ,: ,: ,: ,: ,: ,: ,: ,: ,: ,: ,: ,: ,: ,: ,: ,: ,: ,: ,: ,5 ,10 
"A,NR,MCMOB,DK",: ,: ,: ,: ,: ,: ,: ,: ,: ,: ,: ,: ,: ,: ,: ,: ,: ,: ,: ,: ,: ,0 ,0 ,0 
"A,NR,MCMOB,EE",: ,: ,: ,: ,: ,: ,: ,: ,: ,: ,: ,: ,: ,: ,: ,: ,: ,: ,: ,: ,: ,: ,0 ,1 
"A,NR,MCMOB,ES",: ,: ,: ,: ,: ,: ,: ,: ,: ,: ,: ,: ,: ,: ,: ,: ,: ,: ,: ,: ,: ,8 ,9 ,8 
"A,NR,MCMOB,EU27_2020",: ,: ,: ,: ,: ,: ,: ,: ,: ,: ,: ,: ,: ,: ,: ,: ,: ,: ,0 ,0 ,0 ,18 ,48 p,76 p
"A,NR,MCMOB,FR",: ,: ,: ,: ,: ,: ,: ,: ,: ,: ,: ,: ,: ,: ,: ,: ,: ,: ,: ,: ,: ,7 ,24 ,35 
"A,NR,MCMOB,IE",: ,: ,: ,: ,: ,: ,: ,: ,: ,: ,: ,: ,: ,: ,: ,: ,: ,: ,0 ,: ,0 ,0 ,: ,: 
"A,NR,MCMOB,IS",: ,: ,: ,: ,: ,: ,: ,: ,: ,: ,: ,: ,: ,: ,: ,: ,: ,: ,: ,: ,: ,: ,1 ,1 
"A,NR,MCMOB,IT",: ,: ,: ,: ,: ,: ,: ,: ,: ,: ,: ,: ,: ,: ,: ,: ,: ,: ,: ,: ,: ,1 ,9 ,16 
"A,NR,MCMOB,LT",: ,: ,: ,: ,: ,: ,: ,: ,: ,: ,: ,: ,: ,: ,: ,: ,: ,: ,0 ,0 ,0 ,2 ,1 ,0 
"A,NR,MCMOB,LU",: ,: ,: ,: ,: ,: ,: ,: ,: ,: ,: ,: ,: ,: ,: ,: ,: ,: ,: ,: ,: ,: ,0 ,0 
"A,NR,MCMOB,MT",: ,: ,: ,: ,: ,: ,: ,: ,: ,: ,: ,: ,: ,: ,: ,: ,: ,: ,: ,: ,: ,: ,0 ,: 
"A,NR,MCMOB,PL",: ,: ,: ,: ,: ,: ,: ,: ,: ,: ,: ,: ,: ,: ,: ,: ,: ,: ,: ,: ,: ,: ,: ,3 
"A,NR,MCMOB,SI",: ,: ,: ,: ,: ,: ,: ,: ,: ,: ,: ,: ,: ,: ,: ,: ,: ,: ,: ,: ,: ,: ,: ,2 
"A,NR,MCO,BE",: ,: ,: ,: ,: ,: ,: ,: ,: ,: ,: ,: ,: ,: ,: ,: ,: ,: ,: ,: ,: ,0 ,1 ,2 
"A,NR,MCO,DE",: ,: ,: ,: ,: ,: ,: ,: ,: ,: ,: ,: ,: ,1 ,2 ,8 ,1 ,1 ,18 ,2 ,1 ,1 ,0 ,0 
"A,NR,MCO,EU27_2020",: ,: ,: ,: ,: ,: ,: ,: ,: ,: ,: ,: ,: ,1 ,2 ,14 ,43 ,6 ,30 ,7 ,3 ,1 ,4 p,3 p
"A,NR,MCO,FR",: ,: ,: ,: ,: ,: ,: ,: ,: ,: ,: ,: ,: ,: ,: ,6 ,42 ,4 ,12 ,3 ,2 ,0 ,3 ,1 
"A,NR,MCO,LU",: ,: ,: ,: ,: ,: ,: ,: ,: ,: ,: ,: ,: ,0 ,: ,0 ,0 ,0 ,: ,0 ,0 ,: ,: ,: 
"A,NR,MCO,MT",: ,: ,: ,: ,: ,: ,: ,: ,: ,: ,: ,: ,: ,: ,: ,: ,0 ,0 ,0 ,2 ,0 ,0 ,0 ,: 
"A,NR,MCO,NO",: ,: ,0 ,1 ,1 ,1 ,0 ,0 ,1 ,0 ,0 ,1 ,1 ,2 ,2 ,4 ,0 ,0 ,0 ,0 ,0 ,0 ,0 ,0 
"A,NR,MCO,SK",: ,: ,: ,: ,: ,: ,: ,: ,: ,: ,: ,: ,: ,: ,: ,: ,: ,1 ,0 ,0 ,0 ,0 ,0 ,0 
"A,NR,MOP,AT",48 ,44 ,37 ,46 ,47 ,44 ,41 ,39 ,24 ,25 ,30 ,18 ,18 ,19 ,15 ,16 ,8 ,8 ,14 ,8 ,10 ,4 ,13 ,8 
"A,NR,MOP,BE",56 ,66 ,63 ,68 ,45 ,33 ,30 ,36 ,26 ,32 ,25 ,23 ,23 ,17 ,14 ,19 ,20 ,16 ,24 ,18 ,19 ,13 ,16 ,17 
"A,NR,MOP,BG",: ,: ,: ,: ,: ,: ,: ,: ,: ,9 ,5 ,5 ,10 ,4 ,6 ,8 ,11 ,8 ,11 ,7 ,2 ,5 ,4 ,0 
"A,NR,MOP,CH",: ,: ,22 ,8 ,17 ,9 ,6 ,11 ,7 ,9 ,8 ,4 ,4 ,3 ,8 ,1 ,3 ,6 ,2 ,5 ,5 ,6 ,3 ,6 
"A,NR,MOP,CY",: ,: ,: ,: ,: ,: ,9 ,5 ,8 ,8 ,4 ,3 ,3 ,3 ,0 ,4 ,2 ,2 ,2 ,2 ,0 ,0 ,2 ,1 
"A,NR,MOP,CZ",10 ,16 ,9 ,17 ,11 ,5 ,8 ,3 ,3 ,2 ,9 ,7 ,7 ,7 ,6 ,8 ,6 ,1 ,2 ,5 ,2 ,4 ,4 ,3 
"A,NR,MOP,DE",: ,157 ,138 ,131 ,134 ,122 ,107 ,107 ,100 ,110 ,99 ,74 ,70 ,93 ,73 ,87 ,62 ,68 ,59 ,78 ,63 ,53 ,56 ,57 
"A,NR,MOP,DK",41 ,47 ,43 ,38 ,43 ,46 ,29 ,24 ,48 ,30 ,15 ,11 ,14 ,14 ,11 ,13 ,19 ,8 ,9 ,10 ,13 ,8 ,5 ,9 
"A,NR,MOP,EE",: ,: ,: ,: ,: ,: ,2 ,2 ,4 ,6 ,3 ,0 ,: ,1 ,0 ,0 ,0 ,3 ,1 ,0 ,1 ,0 ,0 ,3 
"A,NR,MOP,EL",108 ,90 ,77 ,55 ,53 ,55 ,58 ,57 ,43 ,41 ,28 ,36 ,34 ,35 ,25 ,20 ,32 ,25 ,32 ,27 ,19 ,24 ,21 ,: 
"A,NR,MOP,ES",509 ,469 ,455 ,379 ,386 ,355 ,305 ,300 ,231 ,178 ,150 ,94 ,71 ,65 ,54 ,53 ,56 ,54 ,49 ,62 ,49 ,32 ,38 ,36 
"A,NR,MOP,EU27_2020",2248 ,2427 ,2204 ,1899 ,2004 ,1745 ,1625 ,1584 ,1532 ,1470 ,1237 ,1093 ,985 ,904 ,738 ,729 ,710 ,674 ,610 ,662 ,611 ,492 ,507 p,523 p
"A,NR,MOP,FI",8 ,9 ,7 ,7 ,12 ,14 ,4 ,13 ,11 ,13 ,11 ,9 ,10 ,7 ,5 ,3 ,2 ,5 ,5 ,3 ,3 ,2 ,4 ,1 
"A,NR,MOP,FR",487 ,453 ,447 ,384 ,390 ,336 ,356 ,317 ,324 ,291 ,299 ,248 ,220 ,179 ,159 ,165 ,155 ,121 ,117 ,133 ,134 ,100 ,96 ,124 
"A,NR,MOP,HR",: ,: ,: ,: ,: ,: ,: ,: ,20 ,27 ,15 ,15 ,10 ,16 ,14 ,11 ,14 ,10 ,8 ,4 ,9 ,5 ,6 ,8 
"A,NR,MOP,HU",: ,: ,: ,: ,36 ,22 ,40 ,42 ,31 ,26 ,23 ,19 ,31 ,25 ,24 ,17 ,27 ,16 ,17 ,13 ,10 ,16 ,12 ,12 
"A,NR,MOP,IS",: ,: ,: ,0 ,0 ,0 ,0 ,0 ,0 ,0 ,0 ,0 ,1 ,0 ,0 ,0 ,0 ,0 ,0 ,0 ,0 ,0 ,0 ,0 
"A,NR,MOP,IT",611 ,637 ,578 ,452 ,520 ,456 ,385 ,346 ,358 ,292 ,212 ,206 ,165 ,127 ,125 ,112 ,105 ,116 ,92 ,108 ,88 ,59 ,67 ,70 
"A,NR,MOP,LT",: ,: ,: ,: ,: ,: ,: ,: ,: ,: ,: ,: ,: ,: ,4 ,1 ,3 ,0 ,4 ,1 ,0 ,1 ,1 ,1 
"A,NR,MOP,LU",0 ,0 ,0 ,0 ,0 ,1 ,0 ,0 ,1 ,0 ,0 ,0 ,0 ,0 ,0 ,0 ,0 ,0 ,0 ,0 ,1 ,0 ,0 ,0 
"A,NR,MOP,LV",: ,: ,: ,: ,: ,4 ,5 ,6 ,4 ,4 ,1 ,4 ,5 ,3 ,3 ,6 ,6 ,6 ,6 ,4 ,1 ,2 ,: ,: 
"A,NR,MOP,MT",: ,: ,: ,: ,: ,: ,: ,: ,: ,: ,: ,: ,: ,: ,: ,: ,0 ,0 ,0 ,0 ,0 ,0 ,0 ,: 
"A,NR,MOP,NL",107 ,107 ,78 ,98 ,94 ,57 ,56 ,63 ,60 ,51 ,47 ,32 ,36 ,40 ,41 ,32 ,35 ,34 ,36 ,31 ,35 ,26 ,38 ,39 
"A,NR,MOP,NO",: ,: ,5 ,6 ,7 ,8 ,4 ,3 ,7 ,5 ,2 ,0 ,4 ,4 ,3 ,2 ,1 ,1 ,1 ,2 ,0 ,1 ,1 ,0 
"A,NR,MOP,PL",: ,75 ,63 ,59 ,54 ,51 ,53 ,57 ,59 ,87 ,68 ,83 ,87 ,82 ,62 ,71 ,65 ,77 ,55 ,76 ,87 ,71 ,54 ,53 
"A,NR,MOP,PT",250 ,222 ,180 ,142 ,156 ,120 ,104 ,95 ,70 ,69 ,57 ,77 ,71 ,57 ,51 ,43 ,42 ,44 ,43 ,42 ,36 ,26 ,29 ,35 
"A,NR,MOP,RO",1 ,3 ,4 ,6 ,10 ,1 ,20 ,45 ,81 ,150 ,122 ,114 ,87 ,99 ,39 ,30 ,34 ,33 ,17 ,18 ,18 ,21 ,24 ,24 
"A,NR,MOP,SE",12 ,10 ,9 ,12 ,9 ,18 ,8 ,15 ,14 ,11 ,11 ,8 ,11 ,8 ,3 ,8 ,5 ,8 ,1 ,7 ,6 ,4 ,3 ,11 
"A,NR,MOP,SI",: ,22 ,16 ,5 ,4 ,5 ,5 ,12 ,12 ,8 ,3 ,7 ,2 ,3 ,4 ,2 ,1 ,3 ,4 ,2 ,3 ,6 ,6 ,3 
"A,NR,MOP,SK",: ,: ,: ,: ,: ,: ,: ,: ,: ,: ,: ,: ,: ,: ,: ,: ,: ,8 ,2 ,3 ,2 ,10 ,8 ,8 
"A,NR,MOP,UK",17 ,15 ,14 ,21 ,25 ,26 ,23 ,29 ,18 ,21 ,16 ,10 ,10 ,12 ,4 ,6 ,8 ,8 ,3 ,8 ,: ,: ,: ,: 
"A,NR,MOTO_2WH,BG",: ,: ,: ,: ,: ,: ,: ,: ,: ,67 ,48 ,: ,: ,: ,: ,: ,: ,: ,: ,: ,: ,30 ,42 ,38 
"A,NR,MOTO_2WH,EU27_2020",: ,: ,: ,: ,: ,21 ,9 ,: ,: ,75 ,53 ,992 ,954 ,870 ,756 ,738 ,821 ,748 ,802 ,812 ,828 ,731 ,850 p,900 p
"A,NR,MOTO_2WH,FI",: ,: ,: ,: ,: ,: ,: ,: ,: ,: ,: ,: ,: ,21 ,24 ,17 ,20 ,17 ,13 ,24 ,25 ,20 ,28 ,21 
"A,NR,MOTO_2WH,HR",: ,: ,: ,: ,: ,: ,: ,: ,: ,: ,: ,: ,: ,: ,: ,: ,: ,38 ,: ,55 ,46 ,44 ,58 ,48 
"A,NR,MOTO_2WH,IE",: ,: ,: ,: ,: ,: ,: ,: ,: ,: ,: ,: ,: ,: ,: ,: ,: ,: ,19 ,15 ,16 ,15 ,: ,: 
"A,NR,MOTO_2WH,IT",: ,: ,: ,: ,: ,: ,: ,: ,: ,: ,: ,950 ,923 ,847 ,728 ,704 ,773 ,657 ,735 ,687 ,698 ,586 ,695 ,781 
"A,NR,MOTO_2WH,LT",: ,: ,: ,: ,: ,: ,: ,: ,: ,: ,: ,: ,: ,: ,: ,: ,: ,10 ,10 ,13 ,19 ,17 ,: ,: 
"A,NR,MOTO_2WH,LV",: ,: ,: ,: ,: ,21 ,9 ,: ,: ,8 ,5 ,7 ,3 ,2 ,4 ,2 ,3 ,4 ,0 ,1 ,0 ,2 ,: ,: 
"A,NR,MOTO_2WH,MT",: ,: ,: ,: ,: ,: ,: ,: ,: ,: ,: ,: ,: ,: ,: ,: ,: ,: ,: ,1 ,4 ,1 ,0 ,: 
"A,NR,MOTO_2WH,PT",: ,: ,: ,: ,: ,: ,: ,: ,: ,: ,: ,35 ,28 ,: ,: ,: ,: ,: ,: ,: ,: ,: ,: ,: 
"A,NR,MOTO_2WH,SI",: ,: ,: ,: ,: ,: ,: ,: ,: ,: ,: ,: ,: ,: ,: ,15 ,25 ,22 ,25 ,16 ,20 ,16 ,27 ,12 
"A,NR,MOTO_2WH,UK",: ,: ,: ,: ,: ,: ,: ,: ,: ,: ,: ,0 ,4 ,0 ,0 ,17 ,6 ,4 ,11 ,13 ,: ,: ,: ,: 
"A,NR,MOTO_GT125,AT",: ,: ,: ,: ,: ,: ,: ,: ,: ,: ,: ,: ,: ,: ,: ,: ,: ,: ,: ,92 ,61 ,58 ,56 ,45 
"A,NR,MOTO_GT125,BE",: ,: ,: ,: ,: ,: ,: ,: ,: ,: ,: ,89 ,111 ,81 ,83 ,63 ,85 ,63 ,57 ,66 ,62 ,59 ,48 ,51 
"A,NR,MOTO_GT125,BG",: ,: ,: ,: ,: ,: ,: ,: ,: ,: ,: ,: ,: ,: ,: ,: ,: ,: ,2 ,4 ,4 ,1 ,3 ,0 
"A,NR,MOTO_GT125,CH",: ,: ,59 ,58 ,73 ,80 ,59 ,47 ,61 ,65 ,58 ,58 ,50 ,61 ,36 ,43 ,51 ,37 ,44 ,42 ,30 ,52 ,47 ,46 
"A,NR,MOTO_GT125,DE",: ,: ,: ,: ,: ,: ,: ,: ,: ,: ,: ,: ,: ,523 ,519 ,514 ,570 ,460 ,514 ,537 ,479 ,437 ,411 ,424 
"A,NR,MOTO_GT125,ES",: ,: ,: ,: ,: ,: ,: ,: ,: ,: ,: ,: ,: ,: ,: ,193 ,228 ,300 ,322 ,302 ,378 ,267 ,318 ,360 
"A,NR,MOTO_GT125,EU27_2020",: ,: ,: ,: ,: ,: ,2 ,: ,: ,6 ,45 ,220 ,237 ,641 ,695 ,1443 ,1521 ,1447 ,1613 ,1872 ,1885 ,1557 ,1625 p,1644 p
"A,NR,MOTO_GT125,FR",: ,: ,: ,: ,: ,: ,: ,: ,: ,: ,: ,: ,: ,: ,: ,562 ,526 ,531 ,589 ,522 ,518 ,395 ,486 ,482 
"A,NR,MOTO_GT125,IS",: ,: ,: ,0 ,0 ,1 ,0 ,3 ,3 ,1 ,2 ,1 ,0 ,0 ,1 ,0 ,1 ,2 ,1 ,0 ,1 ,3 ,0 ,0 
"A,NR,MOTO_GT125,LU",: ,: ,: ,: ,: ,: ,: ,: ,: ,: ,: ,: ,2 ,5 ,8 ,8 ,4 ,3 ,6 ,9 ,3 ,4 ,3 ,6 
"A,NR,MOTO_GT125,LV",: ,: ,: ,: ,: ,: ,2 ,: ,: ,6 ,2 ,9 ,2 ,5 ,4 ,5 ,4 ,6 ,1 ,2 ,1 ,4 ,: ,: 
"A,NR,MOTO_GT125,MT",: ,: ,: ,: ,: ,: ,: ,: ,: ,: ,: ,: ,: ,: ,: ,: ,2 ,8 ,2 ,4 ,0 ,7 ,1 ,: 
"A,NR,MOTO_GT125,NO",: ,: ,25 ,30 ,26 ,29 ,25 ,32 ,28 ,28 ,19 ,24 ,12 ,15 ,19 ,16 ,20 ,19 ,18 ,12 ,15 ,15 ,14 ,16 
"A,NR,MOTO_GT125,PL",: ,: ,: ,: ,: ,: ,: ,: ,: ,: ,: ,: ,: ,: ,: ,: ,: ,: ,: ,203 ,262 ,214 ,191 ,146 
"A,NR,MOTO_GT125,PT",: ,: ,: ,: ,: ,: ,: ,: ,: ,: ,: ,91 ,88 ,: ,57 ,68 ,61 ,47 ,85 ,86 ,90 ,84 ,85 ,105 
"A,NR,MOTO_GT125,SE",: ,: ,: ,: ,: ,: ,: ,: ,: ,: ,43 ,31 ,34 ,27 ,24 ,30 ,41 ,29 ,35 ,45 ,27 ,27 ,23 ,25 
"A,NR,MOTO_GT125,UK",: ,: ,: ,: ,: ,: ,: ,: ,: ,: ,: ,352 ,304 ,275 ,284 ,269 ,280 ,265 ,293 ,292 ,: ,: ,: ,: 
"A,NR,MOTO_LE125,AT",: ,: ,: ,: ,: ,: ,: ,: ,: ,: ,: ,: ,: ,: ,: ,: ,: ,: ,: ,10 ,18 ,16 ,19 ,10 
"A,NR,MOTO_LE125,BE",: ,: ,: ,: ,: ,: ,: ,: ,: ,: ,: ,: ,: ,: ,: ,: ,: ,: ,: ,: ,: ,19 ,14 ,15 
"A,NR,MOTO_LE125,BG",: ,: ,: ,: ,: ,: ,: ,: ,: ,: ,: ,42 ,35 ,48 ,49 ,47 ,50 ,: ,0 ,0 ,1 ,1 ,0 ,1 
"A,NR,MOTO_LE125,CH",: ,: ,35 ,30 ,27 ,34 ,27 ,22 ,21 ,18 ,20 ,10 ,18 ,13 ,19 ,10 ,15 ,6 ,7 ,0 ,0 ,0 ,0 ,0 
"A,NR,MOTO_LE125,DE",: ,: ,: ,: ,: ,: ,: ,: ,: ,: ,: ,: ,: ,63 ,49 ,73 ,69 ,76 ,69 ,82 ,63 ,62 ,62 ,68 
"A,NR,MOTO_LE125,ES",: ,: ,: ,: ,: ,: ,: ,: ,: ,: ,: ,: ,: ,: ,: ,5 ,3 ,43 ,37 ,57 ,39 ,46 ,39 ,41 
"A,NR,MOTO_LE125,EU27_2020",: ,: ,: ,: ,: ,: ,0 ,: ,: ,0 ,7 ,49 ,49 ,115 ,134 ,215 ,227 ,223 ,212 ,320 ,290 ,296 ,275 p,298 p
"A,NR,MOTO_LE125,FR",: ,: ,: ,: ,: ,: ,: ,: ,: ,: ,: ,: ,: ,: ,: ,63 ,88 ,82 ,80 ,105 ,97 ,84 ,86 ,112 
"A,NR,MOTO_LE125,IS",: ,: ,: ,0 ,0 ,1 ,1 ,0 ,0 ,0 ,0 ,0 ,0 ,0 ,0 ,0 ,0 ,0 ,1 ,0 ,0 ,0 ,0 ,0 
"A,NR,MOTO_LE125,LU",: ,: ,: ,: ,: ,: ,: ,: ,: ,: ,: ,: ,1 ,0 ,0 ,0 ,2 ,0 ,1 ,0 ,0 ,3 ,0 ,2 
"A,NR,MOTO_LE125,LV",: ,: ,: ,: ,: ,: ,0 ,: ,: ,0 ,3 ,1 ,1 ,0 ,2 ,3 ,0 ,2 ,0 ,0 ,0 ,0 ,: ,: 
"A,NR,MOTO_LE125,MT",: ,: ,: ,: ,: ,: ,: ,: ,: ,: ,: ,: ,: ,: ,: ,: ,0 ,1 ,0 ,3 ,: ,2 ,1 ,: 
"A,NR,MOTO_LE125,NO",: ,: ,3 ,7 ,4 ,4 ,6 ,2 ,5 ,4 ,8 ,2 ,1 ,2 ,2 ,4 ,0 ,3 ,2 ,2 ,1 ,3 ,1 ,5 
"A,NR,MOTO_LE125,PL",: ,: ,: ,: ,: ,: ,: ,: ,: ,: ,: ,: ,: ,: ,: ,: ,: ,: ,: ,35 ,33 ,30 ,24 ,12 
"A,NR,MOTO_LE125,PT",: ,: ,: ,: ,: ,: ,: ,: ,: ,: ,: ,: ,: ,: ,18 ,23 ,12 ,12 ,21 ,26 ,37 ,32 ,28 ,35 
"A,NR,MOTO_LE125,SE",: ,: ,: ,: ,: ,: ,: ,: ,: ,: ,4 ,6 ,12 ,4 ,16 ,1 ,3 ,7 ,4 ,2 ,2 ,1 ,2 ,2 
"A,NR,MOTO_LE125,UK",: ,: ,: ,: ,: ,: ,: ,: ,: ,: ,: ,51 ,51 ,45 ,53 ,61 ,75 ,47 ,51 ,48 ,: ,: ,: ,: 
"A,NR,MOTO_NSP,AT",103 ,112 ,107 ,89 ,109 ,98 ,98 ,95 ,96 ,91 ,87 ,68 ,67 ,68 ,87 ,76 ,83 ,85 ,83 ,: ,: ,: ,: ,: 
"A,NR,MOTO_NSP,BE",142 ,118 ,147 ,158 ,124 ,120 ,123 ,130 ,139 ,108 ,137 ,14 ,21 ,18 ,23 ,22 ,20 ,16 ,20 ,21 ,22 ,0 ,0 ,0 
"A,NR,MOTO_NSP,CY",: ,: ,: ,: ,: ,: ,14 ,20 ,16 ,16 ,19 ,18 ,13 ,11 ,15 ,9 ,13 ,10 ,14 ,14 ,16 ,14 ,12 ,9 
"A,NR,MOTO_NSP,CZ",108 ,100 ,86 ,117 ,101 ,97 ,116 ,113 ,136 ,121 ,85 ,92 ,77 ,86 ,66 ,88 ,91 ,62 ,69 ,94 ,84 ,58 ,85 ,71 
"A,NR,MOTO_NSP,DE",: ,945 ,964 ,913 ,946 ,858 ,875 ,793 ,807 ,656 ,650 ,635 ,708 ,: ,: ,: ,: ,: ,: ,: ,: ,: ,: ,: 
"A,NR,MOTO_NSP,DK",26 ,24 ,12 ,24 ,25 ,23 ,16 ,21 ,36 ,40 ,27 ,22 ,23 ,10 ,15 ,18 ,19 ,26 ,11 ,21 ,27 ,11 ,12 ,16 
"A,NR,MOTO_NSP,EE",: ,: ,: ,: ,: ,: ,5 ,5 ,10 ,1 ,2 ,0 ,0 ,0 ,0 ,0 ,0 ,1 ,0 ,6 ,3 ,3 ,3 ,2 
"A,NR,MOTO_NSP,EL",453 ,406 ,426 ,341 ,310 ,379 ,399 ,440 ,420 ,394 ,405 ,367 ,305 ,282 ,271 ,278 ,237 ,240 ,216 ,190 ,228 ,188 ,214 ,: 
"A,NR,MOTO_NSP,ES",388 ,388 ,365 ,397 ,365 ,394 ,467 ,483 ,633 ,480 ,432 ,380 ,345 ,301 ,300 ,88 ,98 ,: ,: ,: ,: ,: ,: ,: 
"A,NR,MOTO_NSP,EU27_2020",3203 ,4427 ,4700 ,4656 ,4616 ,4703 ,4887 ,4706 ,5268 ,4741 ,4613 ,2891 ,2956 ,2086 ,1937 ,1051 ,1010 ,844 ,834 ,492 ,561 ,447 ,531 p,283 p
"A,NR,MOTO_NSP,FI",13 ,10 ,16 ,22 ,23 ,22 ,32 ,26 ,32 ,36 ,27 ,18 ,29 ,: ,: ,: ,: ,: ,: ,: ,: ,: ,: ,: 
"A,NR,MOTO_NSP,FR",980 ,960 ,1086 ,1057 ,879 ,861 ,892 ,789 ,853 ,817 ,908 ,734 ,786 ,692 ,658 ,: ,: ,: ,: ,: ,: ,: ,: ,: 
"A,NR,MOTO_NSP,HR",: ,: ,: ,: ,: ,: ,: ,: ,96 ,100 ,81 ,51 ,76 ,62 ,49 ,44 ,58 ,: ,42 ,: ,: ,: ,: ,: 
"A,NR,MOTO_NSP,HU",: ,: ,: ,: ,66 ,72 ,100 ,89 ,112 ,91 ,73 ,49 ,52 ,39 ,58 ,58 ,50 ,48 ,43 ,49 ,64 ,42 ,55 ,45 
"A,NR,MOTO_NSP,IE",43 ,40 ,50 ,44 ,55 ,49 ,56 ,29 ,33 ,29 ,25 ,17 ,18 ,19 ,26 ,24 ,22 ,22 ,: ,: ,: ,: ,: ,: 
"A,NR,MOTO_NSP,IT",569 ,770 ,848 ,907 ,1035 ,1139 ,1120 ,1127 ,1182 ,1085 ,1037 ,: ,: ,: ,: ,: ,: ,: ,: ,: ,: ,: ,: ,: 
"A,NR,MOTO_NSP,LT",: ,: ,: ,: ,: ,: ,: ,: ,: ,: ,: ,: ,: ,: ,15 ,13 ,13 ,: ,: ,: ,: ,: ,10 ,13 
"A,NR,MOTO_NSP,LU",5 ,8 ,6 ,0 ,13 ,10 ,6 ,8 ,5 ,9 ,7 ,1 ,: ,: ,: ,: ,: ,: ,: ,: ,: ,: ,: ,: 
"A,NR,MOTO_NSP,LV",: ,: ,: ,: ,: ,: ,: ,10 ,10 ,: ,: ,: ,: ,: ,: ,: ,: ,: ,: ,: ,: ,: ,: ,: 
"A,NR,MOTO_NSP,MT",: ,: ,: ,: ,: ,: ,3 ,2 ,4 ,3 ,2 ,3 ,: ,: ,: ,: ,: ,: ,: ,: ,: ,: ,: ,: 
"A,NR,MOTO_NSP,NL",75 ,89 ,76 ,93 ,95 ,84 ,77 ,57 ,64 ,67 ,68 ,60 ,50 ,53 ,29 ,51 ,43 ,44 ,53 ,42 ,45 ,44 ,53 ,44 
"A,NR,MOTO_NSP,PL",: ,178 ,169 ,167 ,145 ,181 ,157 ,164 ,215 ,262 ,290 ,259 ,292 ,261 ,253 ,237 ,208 ,244 ,231 ,: ,: ,: ,: ,: 
"A,NR,MOTO_NSP,PT",250 ,206 ,226 ,222 ,210 ,180 ,184 ,136 ,141 ,115 ,115 ,: ,: ,104 ,3 ,: ,: ,: ,: ,: ,: ,: ,: ,: 
"A,NR,MOTO_NSP,RO",12 ,15 ,9 ,13 ,8 ,19 ,23 ,35 ,73 ,90 ,74 ,59 ,69 ,62 ,52 ,45 ,55 ,46 ,52 ,55 ,51 ,64 ,62 ,61 
"A,NR,MOTO_NSP,SE",36 ,39 ,38 ,37 ,47 ,56 ,46 ,55 ,60 ,51 ,: ,: ,: ,: ,: ,: ,: ,: ,: ,: ,: ,0 ,2 ,3 
"A,NR,MOTO_NSP,SI",: ,19 ,36 ,18 ,25 ,27 ,33 ,42 ,41 ,40 ,28 ,17 ,25 ,18 ,17 ,: ,: ,: ,: ,: ,: ,: ,: ,: 
"A,NR,MOTO_NSP,SK",: ,: ,33 ,37 ,35 ,34 ,45 ,37 ,54 ,39 ,34 ,27 ,: ,: ,: ,: ,: ,: ,: ,: ,21 ,23 ,23 ,19 
"A,NR,MOTO_NSP,UK",539 ,597 ,580 ,607 ,690 ,581 ,561 ,583 ,596 ,488 ,472 ,: ,: ,: ,: ,: ,: ,: ,: ,: ,: ,: ,: ,: 
"A,NR,MTZ_OTH,AT",2 ,3 ,1 ,5 ,1 ,1 ,1 ,1 ,0 ,0 ,1 ,1 ,0 ,4 ,0 ,1 ,1 ,0 ,0 ,1 ,0 ,0 ,0 ,0 
"A,NR,MTZ_OTH,BE",: ,: ,: ,: ,: ,: ,: ,: ,: ,: ,1 ,0 ,0 ,1 ,2 ,0 ,0 ,0 ,0 ,0 ,3 ,0 ,1 ,0 
"A,NR,MTZ_OTH,BG",: ,: ,: ,: ,: ,: ,: ,: ,: ,1 ,0 ,7 ,8 ,11 ,10 ,12 ,18 ,5 ,11 ,10 ,12 ,10 ,15 ,4 
"A,NR,MTZ_OTH,CH",: ,: ,1 ,1 ,1 ,1 ,2 ,0 ,4 ,0 ,0 ,0 ,: ,: ,: ,: ,: ,: ,: ,7 ,11 ,8 ,5 ,9 
"A,NR,MTZ_OTH,CY",: ,: ,: ,: ,: ,: ,0 ,0 ,0 ,0 ,0 ,0 ,0 ,0 ,0 ,0 ,0 ,3 ,0 ,1 ,1 ,0 ,2 ,3 
"A,NR,MTZ_OTH,CZ",2 ,1 ,0 ,1 ,2 ,0 ,1 ,1 ,0 ,2 ,1 ,1 ,2 ,1 ,1 ,3 ,4 ,1 ,1 ,1 ,5 ,2 ,2 ,4 
"A,NR,MTZ_OTH,DE",: ,19 ,27 ,27 ,31 ,21 ,17 ,20 ,17 ,17 ,18 ,19 ,18 ,18 ,11 ,9 ,18 ,13 ,15 ,20 ,18 ,22 ,19 ,18 
"A,NR,MTZ_OTH,DK",1 ,2 ,1 ,0 ,0 ,1 ,1 ,1 ,0 ,2 ,0 ,1 ,0 ,1 ,0 ,0 ,1 ,1 ,2 ,1 ,0 ,3 ,1 ,1 
"A,NR,MTZ_OTH,EE",: ,: ,: ,: ,: ,: ,2 ,0 ,2 ,1 ,0 ,: ,: ,: ,: ,: ,: ,0 ,0 ,2 ,1 ,0 ,2 ,0 
"A,NR,MTZ_OTH,EL",3 ,0 ,1 ,1 ,1 ,1 ,1 ,2 ,0 ,3 ,1 ,1 ,1 ,2 ,0 ,0 ,0 ,0 ,0 ,0 ,0 ,0 ,0 ,: 
"A,NR,MTZ_OTH,ES",3 ,5 ,2 ,13 ,5 ,1 ,3 ,1 ,0 ,1 ,4 ,1 ,2 ,2 ,1 ,9 ,6 ,11 ,5 ,13 ,9 ,14 ,6 ,3 
"A,NR,MTZ_OTH,EU27_2020",121 ,122 ,135 ,128 ,134 ,105 ,114 ,102 ,96 ,81 ,97 ,83 ,86 ,103 ,74 ,146 ,144 ,163 ,161 ,196 ,167 ,149 ,148 p,156 p
"A,NR,MTZ_OTH,FI",6 ,5 ,5 ,3 ,1 ,1 ,2 ,2 ,5 ,2 ,5 ,5 ,3 ,8 ,3 ,8 ,4 ,5 ,10 ,4 ,4 ,3 ,5 ,3 
"A,NR,MTZ_OTH,FR",: ,: ,: ,: ,: ,1 ,0 ,1 ,0 ,0 ,0 ,0 ,2 ,0 ,0 ,33 ,39 ,40 ,39 ,39 ,32 ,19 ,16 ,34 
"A,NR,MTZ_OTH,HR",: ,: ,: ,: ,: ,: ,: ,: ,6 ,4 ,4 ,4 ,0 ,0 ,0 ,2 ,0 ,1 ,1 ,0 ,1 ,0 ,1 ,0 
"A,NR,MTZ_OTH,HU",: ,: ,: ,: ,2 ,1 ,0 ,0 ,2 ,0 ,0 ,8 ,2 ,5 ,4 ,3 ,0 ,6 ,1 ,4 ,1 ,2 ,0 ,3 
"A,NR,MTZ_OTH,IE",: ,: ,: ,: ,: ,: ,: ,: ,: ,: ,: ,: ,: ,: ,: ,: ,: ,: ,1 ,1 ,2 ,2 ,: ,: 
"A,NR,MTZ_OTH,IS",: ,: ,: ,: ,: ,0 ,1 ,0 ,0 ,: ,: ,0 ,: ,: ,: ,: ,0 ,0 ,: ,: ,: ,: ,: ,0 
"A,NR,MTZ_OTH,IT",62 ,40 ,48 ,32 ,35 ,40 ,28 ,35 ,25 ,22 ,27 ,8 ,12 ,12 ,18 ,14 ,8 ,9 ,17 ,15 ,12 ,12 ,14 ,13 
"A,NR,MTZ_OTH,LT",: ,: ,: ,: ,: ,: ,: ,: ,: ,: ,: ,: ,: ,: ,1 ,1 ,1 ,0 ,0 ,0 ,1 ,1 ,0 ,0 
"A,NR,MTZ_OTH,LU",1 ,0 ,0 ,0 ,0 ,0 ,0 ,0 ,1 ,0 ,1 ,0 ,0 ,0 ,0 ,0 ,0 ,0 ,0 ,0 ,0 ,0 ,0 ,0 
"A,NR,MTZ_OTH,LV",: ,: ,: ,: ,: ,0 ,: ,0 ,0 ,1 ,3 ,1 ,1 ,1 ,0 ,0 ,1 ,1 ,0 ,2 ,2 ,1 ,: ,: 
"A,NR,MTZ_OTH,MT",: ,: ,: ,: ,: ,: ,: ,: ,: ,: ,: ,: ,: ,: ,: ,: ,0 ,0 ,0 ,0 ,0 ,0 ,0 ,: 
"A,NR,MTZ_OTH,NL",0 ,1 ,0 ,1 ,0 ,10 ,5 ,3 ,1 ,2 ,3 ,4 ,2 ,4 ,4 ,14 ,15 ,18 ,12 ,19 ,17 ,18 ,15 ,27 
"A,NR,MTZ_OTH,NO",: ,: ,2 ,2 ,4 ,6 ,2 ,1 ,4 ,6 ,4 ,4 ,3 ,3 ,2 ,4 ,1 ,9 ,2 ,2 ,2 ,4 ,3 ,10 
"A,NR,MTZ_OTH,PL",: ,5 ,11 ,4 ,4 ,3 ,4 ,6 ,2 ,1 ,0 ,0 ,2 ,1 ,1 ,5 ,4 ,12 ,0 ,5 ,8 ,5 ,7 ,7 
"A,NR,MTZ_OTH,PT",9 ,5 ,4 ,0 ,4 ,4 ,7 ,3 ,6 ,3 ,2 ,10 ,4 ,16 ,8 ,17 ,11 ,11 ,9 ,19 ,17 ,12 ,18 ,5 
"A,NR,MTZ_OTH,RO",29 ,34 ,26 ,35 ,17 ,14 ,35 ,18 ,21 ,10 ,18 ,8 ,20 ,15 ,7 ,11 ,13 ,8 ,9 ,13 ,18 ,15 ,15 ,22 
"A,NR,MTZ_OTH,SE",3 ,1 ,6 ,2 ,3 ,5 ,6 ,4 ,5 ,9 ,6 ,4 ,7 ,1 ,3 ,4 ,0 ,2 ,3 ,6 ,3 ,8 ,9 ,8 
"A,NR,MTZ_OTH,SI",: ,1 ,0 ,1 ,26 ,0 ,0 ,2 ,0 ,0 ,1 ,0 ,0 ,0 ,0 ,0 ,0 ,0 ,0 ,0 ,0 ,0 ,0 ,1 
"A,NR,MTZ_OTH,SK",: ,: ,3 ,3 ,2 ,1 ,1 ,2 ,3 ,0 ,1 ,0 ,: ,: ,: ,: ,: ,16 ,25 ,20 ,0 ,0 ,0 ,0 
"A,NR,MTZ_OTH,UK",14 ,8 ,13 ,15 ,13 ,17 ,13 ,18 ,21 ,27 ,16 ,0 ,1 ,3 ,5 ,9 ,8 ,15 ,6 ,13 ,: ,: ,: ,: 
"A,NR,NMTZ_OTH,AT",1 ,1 ,0 ,1 ,3 ,0 ,0 ,1 ,1 ,0 ,3 ,0 ,0 ,0 ,0 ,0 ,0 ,0 ,1 ,0 ,3 ,3 ,1 ,6 
"A,NR,NMTZ_OTH,BE",1 ,1 ,2 ,1 ,1 ,1 ,1 ,0 ,2 ,0 ,1 ,1 ,0 ,0 ,1 ,1 ,1 ,0 ,0 ,2 ,1 ,0 ,0 ,0 
"A,NR,NMTZ_OTH,BG",: ,: ,: ,: ,: ,: ,: ,: ,: ,10 ,7 ,1 ,1 ,1 ,0 ,0 ,0 ,0 ,1 ,1 ,1 ,2 ,2 ,11 
"A,NR,NMTZ_OTH,CH",: ,: ,: ,: ,: ,: ,: ,: ,: ,: ,: ,: ,: ,: ,: ,: ,: ,: ,: ,5 ,0 ,2 ,0 ,4 
"A,NR,NMTZ_OTH,CZ",3 ,0 ,1 ,1 ,2 ,1 ,1 ,0 ,2 ,2 ,0 ,1 ,1 ,1 ,0 ,1 ,5 ,0 ,2 ,1 ,1 ,1 ,1 ,2 
"A,NR,NMTZ_OTH,DE",: ,5 ,6 ,4 ,6 ,3 ,11 ,2 ,4 ,1 ,3 ,6 ,3 ,1 ,4 ,4 ,6 ,4 ,3 ,6 ,3 ,1 ,0 ,4 
"A,NR,NMTZ_OTH,DK",1 ,0 ,1 ,1 ,0 ,0 ,0 ,0 ,0 ,0 ,1 ,0 ,: ,: ,: ,: ,: ,: ,: ,: ,: ,: ,: ,: 
"A,NR,NMTZ_OTH,EE",: ,: ,: ,: ,: ,: ,0 ,0 ,0 ,0 ,0 ,9 ,13 ,8 ,9 ,2 ,4 ,: ,0 ,0 ,1 ,0 ,0 ,0 
"A,NR,NMTZ_OTH,EL",0 ,0 ,0 ,1 ,1 ,0 ,0 ,4 ,0 ,1 ,0 ,0 ,0 ,0 ,0 ,0 ,0 ,0 ,0 ,0 ,0 ,0 ,0 ,: 
"A,NR,NMTZ_OTH,ES",4 ,2 ,1 ,1 ,3 ,1 ,0 ,1 ,1 ,1 ,0 ,1 ,0 ,1 ,0 ,3 ,3 ,2 ,11 ,5 ,9 ,3 ,6 ,6 
"A,NR,NMTZ_OTH,EU27_2020",71 ,103 ,83 ,80 ,90 ,72 ,94 ,91 ,82 ,98 ,113 ,95 ,80 ,80 ,75 ,67 ,88 ,55 ,63 ,78 ,61 ,58 ,51 p,64 p
"A,NR,NMTZ_OTH,FI",1 ,2 ,0 ,1 ,0 ,0 ,1 ,0 ,0 ,0 ,0 ,0 ,0 ,1 ,0 ,: ,0 ,1 ,0 ,0 ,0 ,0 ,0 ,0 
"A,NR,NMTZ_OTH,FR",1 ,0 ,1 ,1 ,1 ,0 ,0 ,0 ,0 ,0 ,0 ,2 ,0 ,0 ,0 ,: ,: ,: ,: ,: ,: ,: ,: ,: 
"A,NR,NMTZ_OTH,HR",: ,: ,: ,: ,: ,: ,: ,: ,1 ,0 ,1 ,0 ,0 ,0 ,1 ,1 ,0 ,0 ,0 ,0 ,0 ,0 ,4 ,0 
"A,NR,NMTZ_OTH,HU",: ,: ,: ,: ,3 ,6 ,7 ,6 ,6 ,6 ,8 ,: ,: ,: ,: ,: ,: ,: ,: ,: ,: ,: ,: ,: 
"A,NR,NMTZ_OTH,IE",: ,: ,: ,: ,: ,: ,: ,: ,: ,: ,: ,: ,: ,: ,: ,: ,: ,: ,0 ,0 ,: ,0 ,: ,: 
"A,NR,NMTZ_OTH,IS",: ,: ,: ,0 ,0 ,: ,0 ,: ,: ,: ,0 ,0 ,0 ,0 ,: ,0 ,: ,: ,: ,: ,0 ,0 ,0 ,0 
"A,NR,NMTZ_OTH,IT",2 ,5 ,2 ,2 ,0 ,2 ,2 ,1 ,2 ,6 ,1 ,: ,: ,: ,: ,: ,: ,: ,: ,: ,: ,: ,: ,: 
"A,NR,NMTZ_OTH,LT",: ,: ,: ,: ,: ,: ,: ,: ,: ,: ,: ,: ,: ,: ,0 ,: ,0 ,0 ,0 ,2 ,3 ,4 ,0 ,0 
"A,NR,NMTZ_OTH,LU",: ,0 ,0 ,: ,: ,0 ,: ,0 ,1 ,0 ,: ,: ,: ,: ,: ,: ,: ,: ,: ,: ,0 ,: ,: ,: 
"A,NR,NMTZ_OTH,LV",: ,: ,: ,: ,: ,: ,: ,: ,: ,: ,0 ,: ,0 ,0 ,: ,: ,: ,: ,1 ,: ,: ,: ,: ,: 
"A,NR,NMTZ_OTH,MT",: ,: ,: ,: ,: ,: ,0 ,: ,: ,0 ,0 ,: ,: ,: ,: ,: ,0 ,0 ,0 ,0 ,0 ,0 ,0 ,: 
"A,NR,NMTZ_OTH,NL",0 ,2 ,0 ,0 ,0 ,: ,: ,: ,: ,: ,: ,: ,: ,: ,: ,: ,: ,: ,: ,: ,: ,: ,: ,: 
"A,NR,NMTZ_OTH,NO",: ,: ,0 ,0 ,0 ,0 ,0 ,0 ,0 ,0 ,0 ,0 ,0 ,0 ,0 ,0 ,0 ,0 ,0 ,0 ,0 ,0 ,: ,0 
"A,NR,NMTZ_OTH,PL",: ,16 ,7 ,9 ,10 ,7 ,3 ,1 ,2 ,0 ,1 ,5 ,2 ,0 ,2 ,: ,: ,: ,: ,: ,: ,: ,: ,: 
"A,NR,NMTZ_OTH,PT",1 ,2 ,3 ,1 ,1 ,2 ,2 ,2 ,2 ,2 ,1 ,: ,: ,: ,: ,: ,: ,: ,: ,: ,: ,: ,: ,: 
"A,NR,NMTZ_OTH,RO",56 ,67 ,58 ,56 ,58 ,49 ,65 ,73 ,58 ,69 ,85 ,69 ,60 ,67 ,58 ,55 ,68 ,46 ,44 ,60 ,39 ,44 ,36 ,35 
"A,NR,NMTZ_OTH,SE",0 ,0 ,1 ,0 ,0 ,0 ,0 ,0 ,0 ,0 ,0 ,0 ,0 ,0 ,0 ,0 ,0 ,0 ,0 ,0 ,0 ,: ,0 ,: 
"A,NR,NMTZ_OTH,SI",: ,: ,: ,: ,: ,: ,: ,: ,: ,: ,: ,: ,: ,: ,: ,0 ,1 ,1 ,0 ,0 ,0 ,0 ,1 ,0 
"A,NR,NMTZ_OTH,SK",: ,: ,0 ,0 ,1 ,0 ,1 ,0 ,0 ,0 ,1 ,0 ,: ,: ,: ,: ,: ,1 ,0 ,1 ,0 ,0 ,0 ,0 
"A,NR,NMTZ_OTH,UK",3 ,5 ,7 ,2 ,11 ,8 ,7 ,12 ,2 ,2 ,6 ,0 ,0 ,0 ,0 ,0 ,0 ,: ,0 ,0 ,: ,: ,: ,: 
"A,NR,OTH,AT",182 ,140 ,117 ,160 ,132 ,132 ,97 ,110 ,108 ,102 ,101 ,98 ,87 ,81 ,82 ,71 ,84 ,73 ,73 ,47 ,69 ,51 ,37 ,49 
"A,NR,OTH,BE",154 ,142 ,158 ,127 ,113 ,101 ,108 ,122 ,104 ,99 ,101 ,108 ,115 ,117 ,109 ,107 ,94 ,81 ,95 ,74 ,92 ,65 ,75 ,83 
"A,NR,OTH,BG",: ,: ,: ,: ,: ,: ,: ,: ,: ,278 ,198 ,174 ,149 ,135 ,108 ,156 ,164 ,118 ,157 ,123 ,154 ,94 ,94 ,94 
"A,NR,OTH,CH",: ,: ,104 ,96 ,91 ,95 ,69 ,76 ,79 ,59 ,60 ,75 ,69 ,75 ,69 ,43 ,58 ,50 ,47 ,43 ,37 ,36 ,37 ,36 
"A,NR,OTH,CY",: ,: ,: ,: ,: ,: ,23 ,19 ,17 ,16 ,9 ,13 ,13 ,10 ,8 ,10 ,16 ,14 ,15 ,8 ,13 ,13 ,6 ,6 
"A,NR,OTH,CZ",342 ,362 ,322 ,308 ,290 ,281 ,298 ,202 ,232 ,238 ,176 ,168 ,176 ,163 ,162 ,130 ,150 ,130 ,129 ,142 ,111 ,95 ,104 ,86 
"A,NR,OTH,DE",: ,993 ,900 ,873 ,812 ,838 ,686 ,711 ,695 ,653 ,591 ,476 ,614 ,527 ,561 ,527 ,545 ,500 ,489 ,464 ,421 ,379 ,344 ,375 
"A,NR,OTH,DK",82 ,99 ,49 ,63 ,49 ,43 ,44 ,60 ,68 ,58 ,52 ,44 ,33 ,31 ,34 ,22 ,27 ,36 ,20 ,30 ,30 ,23 ,19 ,28 
"A,NR,OTH,EE",: ,: ,: ,: ,: ,: ,50 ,64 ,38 ,41 ,23 ,14 ,26 ,29 ,23 ,26 ,24 ,22 ,10 ,12 ,11 ,14 ,13 ,11 
"A,NR,OTH,EL",399 ,375 ,338 ,279 ,257 ,293 ,234 ,267 ,255 ,248 ,202 ,179 ,223 ,170 ,151 ,125 ,128 ,149 ,118 ,146 ,145 ,76 ,95 ,: 
"A,NR,OTH,ES",906 ,898 ,845 ,770 ,785 ,685 ,676 ,609 ,588 ,498 ,471 ,472 ,377 ,368 ,370 ,334 ,367 ,389 ,351 ,386 ,381 ,260 ,301 ,348 
"A,NR,OTH,EU27_2020",5770 ,8974 ,8461 ,8619 ,7849 ,8059 ,7515 ,7401 ,7614 ,7473 ,6413 ,5852 ,5763 ,5227 ,5199 ,5140 ,4910 ,4957 ,4854 ,4758 ,4623 ,3604 ,3509 p,3548 p
"A,NR,OTH,FI",67 ,62 ,62 ,40 ,59 ,49 ,45 ,49 ,48 ,53 ,30 ,35 ,41 ,29 ,34 ,36 ,32 ,29 ,27 ,25 ,15 ,22 ,24 ,27 
"A,NR,OTH,FR",929 ,836 ,818 ,863 ,623 ,580 ,635 ,535 ,561 ,548 ,496 ,485 ,519 ,489 ,465 ,495 ,466 ,553 ,480 ,468 ,476 ,388 ,401 ,482 
"A,NR,OTH,HR",: ,: ,: ,: ,: ,: ,: ,: ,124 ,136 ,103 ,105 ,71 ,72 ,69 ,73 ,61 ,67 ,56 ,65 ,61 ,38 ,37 ,43 
"A,NR,OTH,HU",: ,: ,: ,: ,299 ,326 ,289 ,296 ,288 ,251 ,186 ,192 ,124 ,156 ,147 ,152 ,149 ,152 ,170 ,165 ,144 ,109 ,97 ,126 
"A,NR,OTH,IE",92 ,85 ,89 ,86 ,64 ,66 ,72 ,72 ,81 ,49 ,40 ,44 ,47 ,29 ,31 ,41 ,31 ,35 ,31 ,40 ,27 ,33 ,: ,: 
"A,NR,OTH,IS",: ,: ,: ,1 ,3 ,3 ,1 ,4 ,1 ,0 ,2 ,2 ,4 ,2 ,1 ,0 ,1 ,2 ,0 ,0 ,1 ,0 ,2 ,4 
"A,NR,OTH,IT",847 ,982 ,1032 ,1226 ,871 ,810 ,786 ,758 ,627 ,646 ,667 ,621 ,589 ,576 ,551 ,578 ,602 ,570 ,600 ,612 ,534 ,409 ,471 ,485 
"A,NR,OTH,LT",: ,: ,: ,: ,: ,: ,: ,: ,: ,: ,: ,: ,: ,: ,96 ,109 ,81 ,72 ,69 ,71 ,59 ,52 ,28 ,31 
"A,NR,OTH,LU",2 ,11 ,11 ,6 ,7 ,12 ,2 ,10 ,7 ,6 ,12 ,1 ,6 ,6 ,5 ,3 ,7 ,8 ,4 ,3 ,2 ,4 ,5 ,3 
"A,NR,OTH,LV",: ,: ,: ,: ,: ,197 ,174 ,153 ,158 ,105 ,82 ,79 ,60 ,62 ,70 ,71 ,63 ,55 ,51 ,50 ,40 ,43 ,: ,: 
"A,NR,OTH,MT",: ,: ,: ,: ,: ,: ,6 ,4 ,3 ,1 ,: ,: ,: ,: ,: ,: ,5 ,8 ,7 ,2 ,5 ,1 ,4 ,: 
"A,NR,OTH,NL",111 ,106 ,106 ,97 ,97 ,68 ,83 ,66 ,86 ,56 ,63 ,62 ,65 ,64 ,51 ,50 ,60 ,44 ,64 ,50 ,49 ,35 ,43 ,62 
"A,NR,OTH,NO",: ,: ,45 ,35 ,34 ,22 ,32 ,36 ,23 ,31 ,26 ,24 ,16 ,22 ,18 ,18 ,12 ,15 ,11 ,13 ,13 ,15 ,7 ,12 
"A,NR,OTH,PL",: ,2256 ,1866 ,1987 ,1879 ,1987 ,1756 ,1802 ,1951 ,1882 ,1467 ,1236 ,1408 ,1157 ,1140 ,1116 ,915 ,868 ,873 ,803 ,793 ,631 ,527 ,460 
"A,NR,OTH,PT",393 ,384 ,333 ,336 ,277 ,231 ,212 ,153 ,155 ,154 ,147 ,195 ,199 ,159 ,144 ,145 ,146 ,123 ,130 ,163 ,140 ,101 ,100 ,107 
"A,NR,OTH,RO",1178 ,1110 ,1088 ,1101 ,944 ,1059 ,978 ,1034 ,1113 ,1067 ,1015 ,868 ,747 ,728 ,726 ,697 ,649 ,717 ,733 ,690 ,729 ,587 ,583 ,530 
"A,NR,OTH,SE",86 ,73 ,87 ,58 ,55 ,67 ,50 ,55 ,58 ,45 ,44 ,31 ,53 ,50 ,42 ,52 ,28 ,42 ,37 ,34 ,27 ,25 ,26 ,27 
"A,NR,OTH,SI",: ,60 ,42 ,41 ,38 ,35 ,37 ,36 ,32 ,39 ,24 ,26 ,21 ,19 ,20 ,14 ,16 ,22 ,10 ,13 ,15 ,7 ,15 ,15 
"A,NR,OTH,SK",: ,: ,198 ,198 ,198 ,199 ,174 ,214 ,217 ,204 ,113 ,126 ,: ,: ,: ,: ,: ,80 ,55 ,72 ,80 ,49 ,60 ,70 
"A,NR,OTH,UK",909 ,889 ,858 ,808 ,802 ,694 ,699 ,697 ,663 ,591 ,524 ,415 ,466 ,429 ,405 ,464 ,427 ,463 ,485 ,472 ,: ,: ,: ,: 
"A,NR,QUA_GT50,AT",: ,: ,: ,: ,: ,: ,: ,: ,: ,: ,: ,: ,: ,: ,: ,: ,: ,: ,: ,0 ,0 ,0 ,0 ,0 
"A,NR,QUA_GT50,EE",: ,: ,: ,: ,: ,: ,: ,: ,: ,: ,: ,: ,: ,: ,: ,: ,: ,1 ,0 ,1 ,0 ,0 ,1 ,0 
"A,NR,QUA_GT50,ES",: ,: ,: ,: ,: ,: ,: ,: ,: ,: ,: ,: ,: ,: ,: ,0 ,1 ,3 ,2 ,4 ,1 ,2 ,2 ,2 
"A,NR,QUA_GT50,EU27_2020",: ,: ,: ,: ,: ,: ,: ,: ,: ,3 ,: ,: ,0 ,0 ,0 ,18 ,18 ,24 ,29 ,25 ,28 ,30 ,26 p,27 p
"A,NR,QUA_GT50,FR",: ,: ,: ,: ,: ,: ,: ,: ,: ,3 ,: ,: ,: ,: ,: ,18 ,16 ,17 ,22 ,11 ,19 ,19 ,14 ,11 
"A,NR,QUA_GT50,HR",: ,: ,: ,: ,: ,: ,: ,: ,: ,: ,: ,: ,: ,: ,: ,: ,: ,1 ,: ,2 ,0 ,0 ,0 ,0 
"A,NR,QUA_GT50,IS",: ,: ,: ,: ,: ,: ,0 ,0 ,0 ,0 ,1 ,0 ,0 ,0 ,1 ,0 ,0 ,0 ,0 ,1 ,0 ,0 ,0 ,0 
"A,NR,QUA_GT50,LT",: ,: ,: ,: ,: ,: ,: ,: ,: ,: ,: ,: ,: ,: ,: ,: ,: ,2 ,3 ,1 ,4 ,0 ,1 ,5 
"A,NR,QUA_GT50,LU",: ,: ,: ,: ,: ,: ,: ,: ,: ,: ,: ,: ,0 ,0 ,0 ,0 ,0 ,0 ,0 ,1 ,0 ,0 ,0 ,: 
"A,NR,QUA_GT50,MT",: ,: ,: ,: ,: ,: ,: ,: ,: ,: ,: ,: ,: ,: ,: ,: ,0 ,0 ,1 ,0 ,: ,0 ,0 ,: 
"A,NR,QUA_GT50,PL",: ,: ,: ,: ,: ,: ,: ,: ,: ,: ,: ,: ,: ,: ,: ,: ,: ,: ,: ,4 ,4 ,8 ,6 ,9 
"A,NR,QUA_GT50,SI",: ,: ,: ,: ,: ,: ,: ,: ,: ,: ,: ,: ,: ,: ,0 ,0 ,1 ,0 ,1 ,0 ,0 ,0 ,1 ,0 
"A,NR,QUA_GT50,SK",: ,: ,: ,: ,: ,: ,: ,: ,: ,: ,: ,: ,: ,: ,: ,: ,: ,0 ,0 ,1 ,0 ,1 ,1 ,0 
"A,NR,QUA_LE50,AT",: ,: ,: ,: ,: ,: ,: ,: ,: ,: ,: ,: ,: ,: ,: ,: ,: ,: ,: ,3 ,1 ,2 ,1 ,3 
"A,NR,QUA_LE50,BG",: ,: ,: ,: ,: ,: ,: ,: ,: ,: ,: ,: ,: ,: ,: ,: ,: ,: ,0 ,: ,: ,: ,: ,: 
"A,NR,QUA_LE50,ES",: ,: ,: ,: ,: ,: ,: ,: ,: ,: ,: ,: ,: ,: ,: ,2 ,1 ,0 ,3 ,1 ,0 ,1 ,2 ,0 
"A,NR,QUA_LE50,EU27_2020",: ,: ,: ,: ,: ,: ,: ,: ,: ,11 ,: ,: ,: ,: ,: ,3 ,1 ,0 ,5 ,14 ,2 ,8 ,10 p,10 p
"A,NR,QUA_LE50,FR",: ,: ,: ,: ,: ,: ,: ,: ,: ,11 ,: ,: ,: ,: ,: ,1 ,0 ,0 ,2 ,1 ,0 ,0 ,3 ,3 
"A,NR,QUA_LE50,HR",: ,: ,: ,: ,: ,: ,: ,: ,: ,: ,: ,: ,: ,: ,: ,: ,: ,0 ,: ,0 ,0 ,0 ,0 ,0 
"A,NR,QUA_LE50,LT",: ,: ,: ,: ,: ,: ,: ,: ,: ,: ,: ,: ,: ,: ,: ,: ,: ,: ,0 ,1 ,0 ,0 ,0 ,0 
"A,NR,QUA_LE50,LU",: ,: ,: ,: ,: ,: ,: ,: ,: ,: ,: ,: ,: ,: ,: ,: ,: ,0 ,0 ,: ,0 ,: ,: ,: 
"A,NR,QUA_LE50,MT",: ,: ,: ,: ,: ,: ,: ,: ,: ,: ,: ,: ,: ,: ,: ,: ,: ,: ,: ,: ,: ,0 ,: ,: 
"A,NR,QUA_LE50,PL",: ,: ,: ,: ,: ,: ,: ,: ,: ,: ,: ,: ,: ,: ,: ,: ,: ,: ,: ,8 ,1 ,5 ,3 ,4 
"A,NR,QUA_LE50,SI",: ,: ,: ,: ,: ,: ,: ,: ,: ,: ,: ,: ,: ,: ,: ,0 ,: ,0 ,0 ,0 ,0 ,0 ,0 ,0 
"A,NR,QUA_LE50,SK",: ,: ,: ,: ,: ,: ,: ,: ,: ,: ,: ,: ,: ,: ,: ,: ,: ,0 ,0 ,0 ,0 ,0 ,1 ,0 
"A,NR,TOTAL,AT",1079 ,976 ,958 ,956 ,931 ,878 ,768 ,730 ,691 ,679 ,633 ,552 ,523 ,531 ,455 ,430 ,479 ,432 ,414 ,409 ,416 ,344 ,362 ,370 
"A,NR,TOTAL,BE",1397 ,1470 ,1486 ,1306 ,1213 ,1162 ,1089 ,1069 ,1071 ,944 ,944 ,850 ,884 ,827 ,764 ,745 ,762 ,670 ,609 ,604 ,646 ,499 ,516 ,540 
"A,NR,TOTAL,BG",1047 ,1012 ,1011 ,959 ,960 ,943 ,957 ,1043 ,1006 ,1061 ,901 ,776 ,656 ,601 ,601 ,661 ,708 ,708 ,682 ,610 ,628 ,463 ,561 ,531 
"A,NR,TOTAL,CH",583 ,592 ,544 ,513 ,546 ,510 ,409 ,370 ,384 ,357 ,349 ,327 ,320 ,339 ,269 ,243 ,253 ,216 ,230 ,233 ,187 ,227 ,200 ,241 
"A,NR,TOTAL,CY",113 ,111 ,98 ,94 ,97 ,117 ,102 ,86 ,89 ,82 ,71 ,60 ,71 ,51 ,44 ,45 ,57 ,46 ,53 ,49 ,52 ,48 ,45 ,37 
"A,NR,TOTAL,CZ",1455 ,1486 ,1333 ,1430 ,1447 ,1382 ,1286 ,1063 ,1221 ,1076 ,901 ,802 ,773 ,742 ,654 ,688 ,734 ,611 ,577 ,656 ,618 ,518 ,532 ,527 
"A,NR,TOTAL,DE",7772 ,7503 ,6977 ,6842 ,6613 ,5842 ,5361 ,5091 ,4949 ,4477 ,4152 ,3648 ,4009 ,3600 ,3339 ,3377 ,3459 ,3206 ,3180 ,3275 ,3046 ,2719 ,2562 ,2788 
"A,NR,TOTAL,DK",514 ,498 ,431 ,463 ,432 ,369 ,331 ,306 ,406 ,406 ,303 ,255 ,220 ,167 ,191 ,182 ,178 ,211 ,175 ,171 ,199 ,163 ,130 ,154 
"A,NR,TOTAL,EE",232 ,204 ,199 ,223 ,164 ,170 ,170 ,204 ,196 ,132 ,98 ,79 ,101 ,87 ,81 ,78 ,67 ,71 ,48 ,67 ,52 ,59 ,55 ,49 
"A,NR,TOTAL,EL",2116 ,2037 ,1880 ,1634 ,1605 ,1670 ,1658 ,1657 ,1612 ,1553 ,1456 ,1258 ,1141 ,988 ,879 ,795 ,793 ,824 ,731 ,700 ,688 ,584 ,624 ,654 
"A,NR,TOTAL,ES",5709 ,5746 ,5478 ,5312 ,5373 ,4715 ,4406 ,4069 ,3785 ,3064 ,2687 ,2444 ,2042 ,1889 ,1667 ,1680 ,1689 ,1810 ,1830 ,1806 ,1755 ,1370 ,1533 ,1746 
"A,NR,TOTAL,EU27_2020",54680 ,53410 ,51282 ,50343 ,47331 ,44466 ,42552 ,40365 ,40038 ,36880 ,32978 ,29576 ,28730 ,26487 ,24213 ,24128 ,24358 ,23808 ,23392 ,23328 ,22756 ,18833 ,19917 ,20653 
"A,NR,TOTAL,FI",431 ,396 ,433 ,415 ,379 ,375 ,379 ,336 ,380 ,344 ,279 ,272 ,292 ,255 ,258 ,229 ,270 ,258 ,238 ,239 ,211 ,223 ,225 ,196 
"A,NR,TOTAL,FR",8462 ,8059 ,8136 ,7630 ,6034 ,5506 ,5318 ,4709 ,4620 ,4275 ,4273 ,3992 ,3963 ,3653 ,3268 ,3380 ,3459 ,3471 ,3444 ,3246 ,3237 ,2538 ,2931 ,3260 
"A,NR,TOTAL,HR",662 ,655 ,647 ,627 ,701 ,608 ,597 ,614 ,619 ,664 ,548 ,426 ,418 ,393 ,368 ,308 ,348 ,307 ,331 ,317 ,297 ,237 ,292 ,275 
"A,NR,TOTAL,HU",1306 ,1200 ,1239 ,1429 ,1326 ,1296 ,1278 ,1303 ,1232 ,996 ,822 ,740 ,638 ,605 ,591 ,626 ,644 ,607 ,625 ,633 ,602 ,460 ,544 ,537 
"A,NR,TOTAL,IE",414 ,418 ,412 ,378 ,337 ,377 ,400 ,365 ,338 ,280 ,238 ,212 ,186 ,163 ,188 ,192 ,162 ,182 ,154 ,135 ,140 ,144 ,137 ,155 
"A,NR,TOTAL,IS",21 ,32 ,24 ,29 ,23 ,23 ,19 ,31 ,15 ,12 ,17 ,8 ,12 ,9 ,15 ,4 ,16 ,18 ,16 ,18 ,6 ,8 ,9 ,9 
"A,NR,TOTAL,IT",6688 ,7061 ,7096 ,6980 ,6563 ,6122 ,5818 ,5669 ,5131 ,4725 ,4237 ,4114 ,3860 ,3753 ,3401 ,3381 ,3428 ,3283 ,3378 ,3334 ,3173 ,2395 ,2875 ,3159 
"A,NR,TOTAL,LI",0 ,3 ,2 ,0 ,5 ,1 ,2 ,0 ,0 ,1 ,1 ,0 ,2 ,1 ,2 ,3 ,2 ,0 ,2 ,0 ,0 ,1 ,0 ,2 
"A,NR,TOTAL,LT",748 ,641 ,706 ,697 ,709 ,752 ,773 ,760 ,740 ,499 ,370 ,299 ,296 ,302 ,256 ,267 ,242 ,188 ,191 ,173 ,186 ,175 ,148 ,120 
"A,NR,TOTAL,LU",58 ,76 ,70 ,62 ,53 ,50 ,47 ,43 ,46 ,35 ,48 ,32 ,33 ,34 ,45 ,35 ,36 ,32 ,25 ,36 ,22 ,26 ,24 ,36 
"A,NR,TOTAL,LV",652 ,635 ,558 ,559 ,532 ,516 ,442 ,407 ,419 ,316 ,254 ,218 ,179 ,177 ,179 ,212 ,188 ,158 ,136 ,148 ,132 ,139 ,147 ,113 
"A,NR,TOTAL,MT",4 ,15 ,16 ,16 ,16 ,13 ,17 ,11 ,12 ,9 ,15 ,13 ,16 ,9 ,17 ,10 ,11 ,23 ,19 ,18 ,16 ,12 ,9 ,26 
"A,NR,TOTAL,NL",1090 ,1082 ,993 ,987 ,1028 ,804 ,750 ,730 ,709 ,677 ,644 ,537 ,546 ,562 ,476 ,476 ,531 ,533 ,535 ,598 ,586 ,515 ,509 ,655 
"A,NR,TOTAL,NO",304 ,341 ,275 ,310 ,280 ,257 ,224 ,242 ,233 ,255 ,212 ,208 ,168 ,145 ,187 ,147 ,117 ,135 ,106 ,108 ,108 ,93 ,80 ,116 
"A,NR,TOTAL,PL",6730 ,6294 ,5534 ,5826 ,5642 ,5712 ,5444 ,5243 ,5583 ,5437 ,4572 ,3908 ,4189 ,3571 ,3357 ,3202 ,2938 ,3026 ,2831 ,2862 ,2909 ,2491 ,2245 ,1896 
"A,NR,TOTAL,PT",1972 ,1836 ,1655 ,1653 ,1523 ,1283 ,1228 ,949 ,958 ,867 ,823 ,937 ,891 ,718 ,637 ,638 ,593 ,563 ,602 ,700 ,688 ,536 ,561 ,618 
"A,NR,TOTAL,RO",2468 ,2466 ,2450 ,2411 ,2229 ,2442 ,2629 ,2587 ,2800 ,3065 ,2796 ,2377 ,2018 ,2042 ,1861 ,1818 ,1893 ,1913 ,1951 ,1867 ,1864 ,1644 ,1779 ,1633 
"A,NR,TOTAL,SE",580 ,591 ,583 ,560 ,529 ,480 ,440 ,445 ,471 ,397 ,358 ,266 ,319 ,285 ,260 ,270 ,259 ,270 ,253 ,324 ,221 ,204 ,210 ,227 
"A,NR,TOTAL,SI",334 ,314 ,278 ,269 ,242 ,274 ,258 ,262 ,293 ,214 ,171 ,138 ,141 ,130 ,125 ,108 ,120 ,130 ,104 ,91 ,102 ,80 ,114 ,85 
"A,NR,TOTAL,SK",647 ,628 ,625 ,625 ,653 ,608 ,606 ,614 ,661 ,606 ,384 ,371 ,325 ,352 ,251 ,295 ,310 ,275 ,276 ,260 ,270 ,247 ,247 ,266 
"A,NR,TOTAL,UK",3564 ,3580 ,3598 ,3581 ,3658 ,3368 ,3336 ,3298 ,3059 ,2645 ,2337 ,1905 ,1960 ,1802 ,1770 ,1854 ,1804 ,1860 ,1856 ,1839 ,: ,: ,: ,: 
"A,NR,TRC,AT",7 ,4 ,8 ,4 ,5 ,11 ,5 ,6 ,6 ,1 ,5 ,4 ,1 ,3 ,3 ,4 ,4 ,6 ,6 ,3 ,1 ,3 ,1 ,2 
"A,NR,TRC,BE",15 ,16 ,22 ,10 ,14 ,11 ,13 ,12 ,13 ,9 ,10 ,10 ,12 ,10 ,6 ,9 ,13 ,14 ,10 ,14 ,7 ,9 ,11 ,9 
"A,NR,TRC,BG",: ,: ,: ,: ,: ,: ,: ,: ,: ,1 ,0 ,: ,: ,: ,: ,: ,: ,: ,: ,: ,: ,: ,: ,9 
"A,NR,TRC,CH",: ,: ,6 ,0 ,0 ,0 ,1 ,1 ,1 ,1 ,1 ,0 ,0 ,0 ,0 ,1 ,0 ,0 ,1 ,0 ,0 ,1 ,0 ,0 
"A,NR,TRC,DE",: ,5 ,2 ,2 ,3 ,0 ,5 ,1 ,2 ,3 ,4 ,5 ,5 ,: ,: ,: ,: ,: ,: ,: ,: ,: ,: ,: 
"A,NR,TRC,DK",1 ,3 ,0 ,1 ,1 ,3 ,2 ,1 ,1 ,1 ,2 ,2 ,: ,: ,: ,: ,: ,: ,: ,: ,: ,: ,: ,: 
"A,NR,TRC,EE",: ,: ,: ,: ,: ,: ,0 ,0 ,0 ,: ,: ,: ,: ,: ,: ,: ,: ,: ,: ,: ,: ,: ,: ,: 
"A,NR,TRC,EL",5 ,10 ,6 ,2 ,4 ,2 ,3 ,5 ,2 ,2 ,1 ,1 ,1 ,1 ,0 ,1 ,3 ,3 ,1 ,1 ,0 ,1 ,1 ,: 
"A,NR,TRC,ES",55 ,82 ,59 ,72 ,80 ,74 ,85 ,61 ,42 ,32 ,29 ,32 ,28 ,26 ,19 ,29 ,31 ,41 ,44 ,41 ,37 ,31 ,30 ,41 
"A,NR,TRC,EU27_2020",231 ,273 ,260 ,240 ,248 ,232 ,249 ,190 ,179 ,140 ,129 ,139 ,119 ,105 ,104 ,120 ,116 ,130 ,126 ,127 ,91 ,113 ,100 p,133 p
"A,NR,TRC,FR",66 ,70 ,81 ,76 ,58 ,51 ,51 ,32 ,37 ,30 ,24 ,33 ,25 ,22 ,28 ,29 ,22 ,20 ,21 ,17 ,9 ,15 ,15 ,18 
"A,NR,TRC,HR",: ,: ,: ,: ,: ,: ,: ,: ,: ,: ,: ,: ,: ,: ,: ,: ,: ,3 ,: ,1 ,0 ,3 ,0 ,2 
"A,NR,TRC,HU",: ,: ,: ,: ,1 ,6 ,3 ,3 ,2 ,5 ,3 ,3 ,1 ,2 ,2 ,2 ,3 ,5 ,3 ,4 ,3 ,5 ,3 ,3 
"A,NR,TRC,IE",3 ,3 ,2 ,3 ,8 ,3 ,0 ,1 ,3 ,1 ,4 ,2 ,0 ,1 ,2 ,1 ,1 ,2 ,: ,: ,: ,: ,: ,: 
"A,NR,TRC,IT",73 ,73 ,68 ,56 ,66 ,53 ,62 ,49 ,55 ,42 ,34 ,33 ,34 ,30 ,26 ,34 ,30 ,24 ,32 ,30 ,25 ,31 ,31 ,38 
"A,NR,TRC,LT",: ,: ,: ,: ,: ,: ,: ,: ,: ,: ,: ,: ,: ,: ,0 ,0 ,0 ,: ,: ,: ,: ,: ,: ,: 
"A,NR,TRC,LU",: ,: ,: ,: ,: ,: ,: ,: ,: ,: ,: ,: ,: ,0 ,2 ,0 ,1 ,0 ,0 ,0 ,0 ,0 ,0 ,0 
"A,NR,TRC,LV",: ,: ,: ,: ,: ,4 ,2 ,4 ,3 ,1 ,2 ,0 ,1 ,: ,2 ,3 ,: ,: ,0 ,0 ,0 ,2 ,: ,: 
"A,NR,TRC,MT",: ,: ,: ,: ,: ,: ,: ,: ,: ,: ,: ,: ,: ,: ,: ,: ,0 ,0 ,0 ,0 ,0 ,0 ,0 ,: 
"A,NR,TRC,NL",5 ,2 ,5 ,5 ,5 ,2 ,4 ,4 ,3 ,4 ,3 ,1 ,2 ,3 ,5 ,3 ,3 ,2 ,3 ,6 ,3 ,2 ,0 ,0 
"A,NR,TRC,NO",: ,: ,2 ,0 ,1 ,0 ,0 ,1 ,3 ,0 ,2 ,0 ,1 ,0 ,0 ,1 ,0 ,0 ,1 ,0 ,0 ,2 ,0 ,0 
"A,NR,TRC,PT",: ,: ,: ,: ,: ,3 ,5 ,1 ,5 ,2 ,1 ,2 ,2 ,0 ,2 ,1 ,1 ,1 ,0 ,2 ,4 ,5 ,2 ,5 
"A,NR,TRC,RO",1 ,2 ,1 ,1 ,0 ,0 ,5 ,4 ,2 ,6 ,5 ,9 ,6 ,7 ,6 ,4 ,4 ,7 ,6 ,8 ,1 ,5 ,5 ,5 
"A,NR,TRC,SI",: ,3 ,3 ,5 ,0 ,4 ,3 ,2 ,2 ,0 ,0 ,1 ,1 ,0 ,1 ,0 ,0 ,2 ,0 ,0 ,1 ,1 ,1 ,1 
"A,NR,TRC,SK",: ,: ,3 ,3 ,3 ,5 ,1 ,4 ,1 ,0 ,2 ,1 ,: ,: ,: ,: ,: ,: ,: ,: ,: ,: ,: ,: 
"A,NR,TRC_AGR,AT",12 ,19 ,15 ,12 ,10 ,7 ,8 ,8 ,9 ,6 ,13 ,7 ,6 ,3 ,4 ,8 ,3 ,3 ,4 ,9 ,8 ,3 ,4 ,3 
"A,NR,TRC_AGR,BE",4 ,5 ,0 ,1 ,2 ,3 ,1 ,2 ,3 ,3 ,1 ,3 ,1 ,2 ,3 ,0 ,5 ,2 ,1 ,4 ,3 ,3 ,2 ,5 
"A,NR,TRC_AGR,BG",: ,: ,: ,: ,: ,: ,: ,: ,: ,0 ,1 ,: ,: ,: ,: ,: ,: ,: ,0 ,1 ,0 ,0 ,0 ,1 
"A,NR,TRC_AGR,CH",: ,: ,7 ,6 ,8 ,3 ,5 ,9 ,9 ,8 ,4 ,4 ,5 ,5 ,5 ,5 ,4 ,4 ,5 ,6 ,1 ,2 ,0 ,4 
"A,NR,TRC_AGR,CY",: ,: ,: ,: ,: ,: ,0 ,1 ,0 ,1 ,0 ,0 ,2 ,0 ,0 ,0 ,0 ,1 ,0 ,1 ,0 ,1 ,0 ,0 
"A,NR,TRC_AGR,CZ",9 ,4 ,3 ,9 ,6 ,4 ,6 ,4 ,3 ,0 ,1 ,4 ,1 ,4 ,1 ,1 ,4 ,1 ,2 ,0 ,0 ,0 ,0 ,1 
"A,NR,TRC_AGR,DE",: ,22 ,16 ,25 ,25 ,13 ,18 ,24 ,18 ,11 ,18 ,16 ,17 ,15 ,12 ,27 ,25 ,9 ,15 ,20 ,19 ,20 ,16 ,21 
"A,NR,TRC_AGR,DK",2 ,1 ,1 ,0 ,0 ,0 ,3 ,2 ,1 ,1 ,0 ,0 ,3 ,1 ,0 ,0 ,0 ,1 ,0 ,0 ,0 ,0 ,0 ,0 
"A,NR,TRC_AGR,EE",: ,: ,: ,: ,: ,: ,2 ,0 ,0 ,0 ,0 ,1 ,0 ,2 ,0 ,0 ,0 ,0 ,0 ,0 ,1 ,0 ,0 ,0 
"A,NR,TRC_AGR,EL",71 ,54 ,72 ,43 ,46 ,37 ,26 ,29 ,24 ,44 ,31 ,23 ,25 ,17 ,17 ,13 ,12 ,11 ,14 ,17 ,12 ,26 ,7 ,: 
"A,NR,TRC_AGR,ES",30 ,34 ,27 ,15 ,22 ,39 ,25 ,30 ,38 ,25 ,21 ,17 ,25 ,18 ,17 ,13 ,21 ,19 ,14 ,20 ,17 ,15 ,17 ,18 
"A,NR,TRC_AGR,EU27_2020",226 ,330 ,275 ,241 ,243 ,255 ,252 ,202 ,238 ,207 ,203 ,180 ,201 ,148 ,161 ,164 ,154 ,127 ,135 ,172 ,154 ,134 ,129 p,126 p
"A,NR,TRC_AGR,FI",3 ,4 ,2 ,2 ,3 ,1 ,0 ,2 ,2 ,6 ,4 ,2 ,2 ,1 ,4 ,3 ,5 ,6 ,3 ,2 ,5 ,5 ,1 ,1 
"A,NR,TRC_AGR,FR",19 ,26 ,11 ,19 ,24 ,12 ,12 ,12 ,11 ,11 ,10 ,13 ,6 ,7 ,7 ,13 ,5 ,8 ,11 ,16 ,14 ,10 ,13 ,14 
"A,NR,TRC_AGR,HR",: ,: ,: ,: ,: ,: ,: ,: ,12 ,8 ,13 ,8 ,6 ,11 ,12 ,8 ,5 ,5 ,4 ,9 ,9 ,4 ,5 ,2 
"A,NR,TRC_AGR,IE",: ,: ,: ,: ,: ,: ,: ,: ,: ,: ,: ,: ,: ,: ,: ,: ,: ,: ,1 ,1 ,0 ,1 ,: ,: 
"A,NR,TRC_AGR,IS",: ,: ,: ,0 ,0 ,0 ,0 ,: ,: ,0 ,1 ,0 ,0 ,0 ,0 ,0 ,1 ,0 ,0 ,0 ,0 ,0 ,0 ,0 
"A,NR,TRC_AGR,IT",38 ,29 ,27 ,25 ,27 ,26 ,32 ,12 ,24 ,23 ,20 ,25 ,27 ,9 ,25 ,26 ,22 ,19 ,13 ,15 ,16 ,12 ,17 ,15 
"A,NR,TRC_AGR,LT",: ,: ,: ,: ,: ,: ,: ,: ,: ,: ,: ,: ,: ,: ,3 ,0 ,0 ,1 ,2 ,0 ,1 ,1 ,2 ,2 
"A,NR,TRC_AGR,LU",0 ,2 ,0 ,0 ,0 ,0 ,0 ,0 ,0 ,0 ,0 ,1 ,0 ,0 ,0 ,0 ,0 ,0 ,0 ,0 ,0 ,1 ,0 ,0 
"A,NR,TRC_AGR,LV",: ,: ,: ,: ,: ,8 ,7 ,6 ,6 ,2 ,0 ,5 ,8 ,3 ,2 ,5 ,6 ,0 ,2 ,4 ,5 ,2 ,: ,: 
"A,NR,TRC_AGR,MT",: ,: ,: ,: ,: ,: ,0 ,0 ,0 ,0 ,0 ,0 ,: ,: ,: ,: ,: ,0 ,: ,: ,0 ,: ,0 ,: 
"A,NR,TRC_AGR,NL",4 ,3 ,1 ,2 ,5 ,2 ,4 ,1 ,2 ,1 ,1 ,0 ,3 ,1 ,0 ,1 ,2 ,0 ,: ,0 ,0 ,: ,0 ,2 
"A,NR,TRC_AGR,NO",: ,: ,1 ,2 ,1 ,2 ,0 ,0 ,1 ,3 ,2 ,1 ,1 ,1 ,3 ,2 ,1 ,2 ,0 ,0 ,0 ,0 ,1 ,3 
"A,NR,TRC_AGR,PL",: ,80 ,61 ,51 ,45 ,57 ,67 ,23 ,43 ,29 ,23 ,23 ,26 ,23 ,23 ,19 ,15 ,13 ,17 ,13 ,10 ,3 ,15 ,14 
"A,NR,TRC_AGR,PT",28 ,37 ,30 ,31 ,24 ,35 ,32 ,40 ,31 ,29 ,31 ,28 ,31 ,26 ,21 ,24 ,13 ,19 ,23 ,28 ,15 ,13 ,17 ,11 
"A,NR,TRC_AGR,RO",0 ,0 ,1 ,0 ,1 ,0 ,7 ,3 ,6 ,5 ,9 ,3 ,5 ,4 ,6 ,3 ,7 ,2 ,8 ,8 ,14 ,12 ,7 ,7 
"A,NR,TRC_AGR,SE",6 ,4 ,0 ,3 ,2 ,5 ,1 ,3 ,1 ,0 ,1 ,0 ,6 ,1 ,1 ,0 ,2 ,3 ,1 ,3 ,2 ,1 ,2 ,5 
"A,NR,TRC_AGR,SI",: ,6 ,8 ,3 ,1 ,6 ,1 ,: ,4 ,2 ,5 ,1 ,1 ,0 ,3 ,0 ,2 ,4 ,0 ,1 ,2 ,1 ,3 ,2 
"A,NR,TRC_AGR,SK",: ,: ,: ,: ,: ,: ,: ,: ,: ,: ,: ,: ,: ,: ,: ,: ,: ,0 ,0 ,0 ,1 ,0 ,1 ,2 
"A,NR,TRC_AGR,UK",2 ,7 ,3 ,1 ,11 ,7 ,0 ,0 ,1 ,1 ,4 ,2 ,4 ,2 ,5 ,7 ,7 ,4 ,3 ,6 ,: ,: ,: ,: 
"A,NR,TRM_LR,AT",: ,: ,: ,: ,: ,: ,: ,: ,: ,: ,: ,: ,: ,: ,: ,: ,: ,: ,: ,0 ,0 ,0 ,0 ,0 
"A,NR,TRM_LR,BE",: ,: ,: ,: ,: ,: ,: ,: ,: ,: ,: ,0 ,0 ,0 ,0 ,0 ,0 ,0 ,0 ,0 ,1 ,0 ,0 ,0 
"A,NR,TRM_LR,BG",: ,: ,: ,: ,: ,: ,: ,: ,: ,0 ,0 ,0 ,0 ,0 ,0 ,0 ,0 ,0 ,1 ,0 ,0 ,0 ,0 ,0 
"A,NR,TRM_LR,CH",: ,: ,1 ,0 ,0 ,0 ,0 ,0 ,0 ,0 ,0 ,0 ,0 ,0 ,0 ,1 ,1 ,0 ,0 ,0 ,0 ,0 ,0 ,0 
"A,NR,TRM_LR,DE",: ,: ,: ,: ,: ,: ,: ,: ,: ,: ,: ,: ,: ,0 ,0 ,2 ,2 ,0 ,0 ,2 ,0 ,2 ,1 ,0 
"A,NR,TRM_LR,DK",: ,: ,: ,: ,: ,: ,: ,: ,: ,: ,: ,: ,: ,: ,: ,: ,: ,: ,: ,: ,0 ,: ,0 ,0 
"A,NR,TRM_LR,EE",: ,: ,: ,: ,: ,: ,: ,: ,: ,: ,: ,: ,: ,: ,: ,: ,: ,0 ,0 ,0 ,0 ,0 ,0 ,0 
"A,NR,TRM_LR,EL",: ,: ,: ,: ,: ,: ,: ,: ,: ,: ,: ,: ,: ,: ,: ,: ,: ,: ,: ,: ,0 ,0 ,0 ,: 
"A,NR,TRM_LR,ES",: ,: ,: ,: ,: ,: ,: ,: ,: ,: ,: ,: ,: ,: ,: ,0 ,0 ,0 ,0 ,0 ,0 ,0 ,0 ,0 
"A,NR,TRM_LR,EU27_2020",: ,: ,: ,: ,: ,0 ,0 ,: ,: ,0 ,1 ,1 ,0 ,0 ,0 ,5 ,2 ,2 ,2 ,3 ,1 ,2 ,1 p,1 p
"A,NR,TRM_LR,FI",: ,: ,: ,: ,: ,: ,: ,: ,: ,: ,: ,: ,: ,0 ,0 ,0 ,0 ,0 ,0 ,0 ,0 ,0 ,0 ,0 
"A,NR,TRM_LR,FR",: ,: ,: ,: ,: ,: ,: ,: ,: ,: ,: ,: ,: ,: ,: ,0 ,0 ,0 ,0 ,0 ,0 ,0 ,0 ,0 
"A,NR,TRM_LR,HR",: ,: ,: ,: ,: ,: ,: ,: ,: ,: ,: ,: ,: ,: ,: ,: ,: ,0 ,: ,0 ,0 ,0 ,0 ,0 
"A,NR,TRM_LR,HU",: ,: ,: ,: ,: ,: ,: ,: ,: ,: ,: ,0 ,0 ,0 ,0 ,0 ,0 ,2 ,0 ,0 ,0 ,0 ,0 ,0 
"A,NR,TRM_LR,IE",: ,: ,: ,: ,: ,: ,: ,: ,: ,: ,: ,: ,: ,: ,: ,: ,: ,: ,0 ,0 ,0 ,0 ,: ,: 
"A,NR,TRM_LR,IT",: ,: ,: ,: ,: ,: ,: ,: ,: ,: ,: ,0 ,0 ,0 ,0 ,0 ,0 ,0 ,0 ,0 ,0 ,0 ,0 ,0 
"A,NR,TRM_LR,LT",: ,: ,: ,: ,: ,: ,: ,: ,: ,: ,: ,: ,: ,: ,0 ,0 ,: ,0 ,0 ,: ,: ,0 ,0 ,: 
"A,NR,TRM_LR,LU",: ,: ,: ,: ,: ,: ,: ,: ,: ,: ,: ,: ,: ,: ,: ,: ,: ,: ,0 ,: ,0 ,: ,: ,0 
"A,NR,TRM_LR,LV",: ,: ,: ,: ,: ,0 ,0 ,: ,: ,0 ,1 ,1 ,0 ,0 ,0 ,0 ,0 ,0 ,0 ,0 ,0 ,0 ,: ,: 
"A,NR,TRM_LR,PL",: ,: ,: ,: ,: ,: ,: ,: ,: ,: ,: ,: ,: ,: ,: ,3 ,0 ,0 ,1 ,1 ,0 ,0 ,0 ,1 
"A,NR,TRM_LR,PT",: ,: ,: ,: ,: ,: ,: ,: ,: ,: ,: ,0 ,0 ,0 ,0 ,0 ,0 ,0 ,0 ,0 ,0 ,0 ,0 ,0 
"A,NR,TRM_LR,SE",: ,: ,: ,: ,: ,: ,: ,: ,: ,: ,0 ,0 ,0 ,0 ,0 ,0 ,0 ,0 ,0 ,0 ,0 ,0 ,0 ,0 
"A,NR,TRM_LR,SK",: ,: ,: ,: ,: ,: ,: ,: ,: ,: ,: ,: ,: ,: ,: ,: ,: ,0 ,0 ,0 ,0 ,0 ,0 ,0 
"A,NR,TRM_LR,UK",: ,: ,: ,: ,: ,: ,: ,: ,: ,: ,: ,0 ,0 ,0 ,0 ,0 ,0 ,0 ,0 ,0 ,: ,: ,: ,: 
"A,NR,UNK,AT",1 ,5 ,3 ,3 ,7 ,6 ,7 ,5 ,8 ,2 ,10 ,12 ,3 ,1 ,0 ,2 ,0 ,0 ,1 ,0 ,0 ,0 ,0 ,0 
"A,NR,UNK,BE",1 ,2 ,2 ,3 ,87 ,147 ,71 ,48 ,79 ,70 ,61 ,35 ,23 ,50 ,21 ,13 ,14 ,6 ,5 ,4 ,12 ,3 ,12 ,9 
"A,NR,UNK,BG",1047 ,1012 ,1011 ,959 ,960 ,943 ,957 ,1043 ,1006 ,5 ,5 ,: ,: ,: ,: ,: ,0 ,75 ,87 ,68 ,70 ,9 ,4 ,0 
"A,NR,UNK,CH",583 ,592 ,7 ,5 ,4 ,5 ,3 ,3 ,3 ,2 ,4 ,1 ,4 ,3 ,2 ,2 ,2 ,2 ,5 ,0 ,0 ,0 ,0 ,0 
"A,NR,UNK,CY",113 ,111 ,98 ,94 ,97 ,117 ,1 ,1 ,4 ,1 ,1 ,0 ,3 ,3 ,0 ,2 ,1 ,0 ,0 ,0 ,1 ,0 ,0 ,0 
"A,NR,UNK,CZ",0 ,0 ,0 ,0 ,0 ,0 ,0 ,0 ,0 ,0 ,0 ,0 ,0 ,0 ,0 ,0 ,0 ,0 ,0 ,0 ,0 ,0 ,0 ,0 
"A,NR,UNK,DE",7772 ,19 ,27 ,25 ,16 ,25 ,17 ,18 ,19 ,12 ,26 ,7 ,10 ,6 ,9 ,3 ,4 ,9 ,8 ,14 ,12 ,13 ,13 ,10 
"A,NR,UNK,DK",0 ,2 ,0 ,1 ,0 ,0 ,0 ,0 ,0 ,1 ,0 ,0 ,0 ,0 ,0 ,0 ,0 ,0 ,0 ,0 ,0 ,0 ,0 ,0 
"A,NR,UNK,EE",232 ,204 ,199 ,223 ,164 ,170 ,6 ,7 ,4 ,2 ,1 ,6 ,5 ,2 ,4 ,6 ,3 ,4 ,8 ,18 ,5 ,30 ,5 ,3 
"A,NR,UNK,EL",10 ,15 ,8 ,3 ,5 ,5 ,11 ,6 ,13 ,7 ,12 ,6 ,1 ,8 ,6 ,2 ,1 ,4 ,3 ,0 ,7 ,5 ,1 ,: 
"A,NR,UNK,ES",29 ,33 ,35 ,25 ,28 ,25 ,64 ,63 ,61 ,43 ,45 ,46 ,30 ,44 ,23 ,2 ,0 ,4 ,1 ,3 ,7 ,2 ,0 ,0 
"A,NR,UNK,EU27_2020",20474 ,5433 ,4660 ,4779 ,3475 ,2949 ,2660 ,2769 ,2093 ,768 ,691 ,508 ,822 ,897 ,457 ,415 ,417 ,158 ,307 ,222 ,200 ,101 ,394 p,84 p
"A,NR,UNK,FI",0 ,2 ,2 ,0 ,1 ,1 ,1 ,0 ,0 ,0 ,0 ,0 ,0 ,: ,: ,: ,: ,: ,: ,: ,: ,: ,: ,: 
"A,NR,UNK,FR",16 ,13 ,8 ,7 ,29 ,17 ,17 ,32 ,29 ,11 ,33 ,31 ,26 ,33 ,21 ,: ,: ,: ,: ,: ,0 ,0 ,0 ,0 
"A,NR,UNK,HR",662 ,655 ,647 ,627 ,701 ,608 ,597 ,614 ,0 ,1 ,1 ,1 ,0 ,0 ,0 ,0 ,0 ,0 ,0 ,0 ,6 ,3 ,3 ,1 
"A,NR,UNK,HU",1306 ,1200 ,1239 ,1429 ,19 ,6 ,7 ,9 ,4 ,7 ,0 ,0 ,0 ,0 ,0 ,0 ,0 ,1 ,0 ,0 ,0 ,0 ,0 ,2 
"A,NR,UNK,IE",6 ,5 ,4 ,7 ,7 ,20 ,13 ,8 ,5 ,9 ,2 ,6 ,0 ,4 ,5 ,3 ,4 ,1 ,1 ,2 ,0 ,0 ,137 ,: 
"A,NR,UNK,IS",21 ,32 ,24 ,1 ,1 ,1 ,0 ,0 ,0 ,0 ,0 ,0 ,0 ,0 ,0 ,0 ,0 ,0 ,0 ,0 ,1 ,0 ,0 ,0 
"A,NR,UNK,IT",137 ,140 ,17 ,17 ,31 ,26 ,34 ,23 ,20 ,18 ,10 ,3 ,16 ,22 ,19 ,16 ,21 ,15 ,20 ,61 ,18 ,5 ,19 ,26 
"A,NR,UNK,LI",0 ,3 ,2 ,0 ,5 ,1 ,2 ,0 ,0 ,1 ,1 ,0 ,2 ,1 ,2 ,3 ,2 ,0 ,2 ,0 ,0 ,1 ,0 ,2 
"A,NR,UNK,LT",748 ,641 ,706 ,697 ,709 ,752 ,773 ,760 ,740 ,499 ,370 ,299 ,296 ,302 ,3 ,0 ,2 ,0 ,0 ,0 ,1 ,0 ,0 ,0 
"A,NR,UNK,LU",0 ,: ,0 ,0 ,: ,0 ,0 ,0 ,: ,0 ,0 ,0 ,: ,0 ,: ,: ,: ,: ,: ,: ,: ,: ,: ,0 
"A,NR,UNK,LV",652 ,635 ,558 ,559 ,532 ,0 ,0 ,3 ,5 ,2 ,2 ,0 ,0 ,0 ,1 ,0 ,1 ,1 ,0 ,0 ,1 ,0 ,147 ,: 
"A,NR,UNK,MT",4 ,15 ,16 ,16 ,16 ,13 ,0 ,0 ,1 ,0 ,1 ,1 ,16 ,9 ,17 ,10 ,0 ,0 ,0 ,0 ,0 ,0 ,0 ,: 
"A,NR,UNK,NL",0 ,3 ,1 ,0 ,3 ,4 ,6 ,7 ,7 ,12 ,8 ,14 ,17 ,13 ,37 ,10 ,12 ,7 ,10 ,23 ,25 ,11 ,22 ,8 
"A,NR,UNK,NO",304 ,341 ,0 ,0 ,1 ,0 ,0 ,0 ,0 ,0 ,0 ,0 ,0 ,0 ,0 ,0 ,1 ,0 ,0 ,0 ,0 ,0 ,0 ,0 
"A,NR,UNK,PL",6730 ,7 ,7 ,7 ,2 ,4 ,6 ,47 ,16 ,17 ,18 ,13 ,11 ,10 ,14 ,15 ,11 ,2 ,136 ,0 ,0 ,0 ,0 ,0 
"A,NR,UNK,PT",0 ,0 ,0 ,0 ,0 ,0 ,0 ,0 ,0 ,0 ,47 ,0 ,0 ,2 ,1 ,0 ,0 ,1 ,0 ,2 ,0 ,0 ,1 ,1 
"A,NR,UNK,RO",27 ,36 ,26 ,25 ,17 ,16 ,28 ,20 ,17 ,25 ,11 ,5 ,12 ,12 ,4 ,9 ,8 ,3 ,2 ,7 ,9 ,9 ,13 ,12 
"A,NR,UNK,SE",0 ,0 ,0 ,1 ,0 ,0 ,0 ,0 ,0 ,0 ,0 ,0 ,0 ,4 ,2 ,5 ,4 ,6 ,3 ,7 ,5 ,0 ,1 ,0 
"A,NR,UNK,SI",334 ,50 ,45 ,51 ,43 ,44 ,44 ,55 ,54 ,23 ,26 ,23 ,28 ,20 ,19 ,22 ,21 ,18 ,20 ,13 ,20 ,11 ,14 ,11 
"A,NR,UNK,SK",647 ,628 ,1 ,0 ,1 ,0 ,0 ,0 ,1 ,1 ,1 ,0 ,325 ,352 ,251 ,295 ,310 ,1 ,2 ,0 ,1 ,0 ,2 ,1 
"A,NR,UNK,UK",0 ,0 ,0 ,1 ,0 ,0 ,0 ,1 ,0 ,1 ,1 ,21 ,20 ,7 ,11 ,10 ,21 ,15 ,8 ,14 ,: ,: ,: ,: 
"A,NR,VEH_GD,BG",: ,: ,: ,: ,: ,: ,: ,: ,: ,27 ,33 ,30 ,20 ,21 ,24 ,23 ,32 ,: ,: ,: ,: ,21 ,22 ,19 
"A,NR,VEH_GD,DE",: ,: ,: ,: ,: ,: ,: ,: ,: ,: ,: ,: ,: ,154 ,148 ,40 ,58 ,38 ,43 ,65 ,48 ,35 ,44 ,37 
"A,NR,VEH_GD,EE",: ,: ,: ,: ,: ,: ,: ,: ,: ,: ,: ,: ,: ,: ,: ,: ,: ,2 ,1 ,3 ,5 ,4 ,2 ,2 
"A,NR,VEH_GD,EU27_2020",: ,225 ,487 ,536 ,487 ,422 ,410 ,429 ,363 ,400 ,328 ,172 ,159 ,279 ,262 ,157 ,166 ,155 ,56 ,83 ,60 ,75 ,69 p,58 p
"A,NR,VEH_GD,HR",: ,: ,: ,: ,: ,: ,: ,: ,17 ,20 ,16 ,: ,: ,: ,: ,: ,: ,: ,: ,: ,: ,: ,: ,: 
"A,NR,VEH_GD,HU",: ,: ,: ,: ,0 ,0 ,0 ,0 ,0 ,0 ,2 ,: ,: ,: ,: ,: ,: ,: ,: ,: ,: ,: ,: ,: 
"A,NR,VEH_GD,IE",: ,: ,: ,: ,: ,: ,: ,: ,: ,: ,: ,: ,: ,: ,: ,: ,: ,: ,9 ,7 ,6 ,14 ,: ,: 
"A,NR,VEH_GD,IT",: ,: ,244 ,266 ,223 ,191 ,192 ,202 ,148 ,177 ,139 ,: ,: ,: ,: ,: ,: ,: ,: ,: ,: ,: ,: ,: 
"A,NR,VEH_GD,LV",: ,: ,: ,: ,: ,2 ,1 ,: ,: ,1 ,2 ,0 ,1 ,0 ,0 ,1 ,1 ,0 ,0 ,2 ,1 ,1 ,: ,: 
"A,NR,VEH_GD,MT",: ,: ,: ,: ,: ,: ,: ,: ,: ,: ,: ,: ,: ,: ,: ,: ,: ,0 ,: ,0 ,0 ,0 ,0 ,: 
"A,NR,VEH_GD,PL",: ,225 ,243 ,270 ,264 ,229 ,217 ,227 ,198 ,175 ,136 ,142 ,138 ,104 ,90 ,92 ,74 ,114 ,: ,: ,: ,: ,: ,: 
"A,NR,VEH_GD,SE",: ,: ,: ,: ,: ,: ,: ,: ,: ,: ,: ,: ,: ,: ,: ,: ,: ,: ,: ,: ,: ,0 ,1 ,0 
"A,NR,VEH_GD,SI",: ,: ,: ,: ,: ,: ,: ,: ,: ,: ,: ,: ,: ,: ,0 ,1 ,1 ,1 ,3 ,6 ,0 ,0 ,0 ,0 
"A,NR,VEH_GD,UK",: ,: ,: ,: ,: ,: ,: ,: ,: ,: ,: ,0 ,1 ,0 ,0 ,0 ,2 ,3 ,1 ,3 ,: ,: ,: ,: 
"A,NR,VG_GT3P5,AT",6 ,6 ,6 ,8 ,9 ,10 ,6 ,9 ,5 ,2 ,4 ,3 ,5 ,1 ,3 ,5 ,4 ,7 ,2 ,1 ,1 ,2 ,3 ,1 
"A,NR,VG_GT3P5,BE",5 ,4 ,6 ,5 ,1 ,7 ,3 ,4 ,12 ,16 ,10 ,4 ,4 ,8 ,9 ,5 ,3 ,10 ,6 ,5 ,4 ,8 ,4 ,2 
"A,NR,VG_GT3P5,BG",: ,: ,: ,: ,: ,: ,: ,: ,: ,: ,: ,: ,: ,: ,: ,: ,: ,: ,0 ,0 ,0 ,0 ,0 ,0 
"A,NR,VG_GT3P5,CH",: ,: ,4 ,2 ,0 ,3 ,3 ,0 ,3 ,3 ,1 ,2 ,1 ,1 ,3 ,1 ,3 ,1 ,1 ,2 ,2 ,1 ,2 ,4 
"A,NR,VG_GT3P5,CY",: ,: ,: ,: ,: ,: ,0 ,0 ,0 ,0 ,0 ,0 ,: ,1 ,2 ,0 ,0 ,0 ,0 ,0 ,0 ,1 ,1 ,1 
"A,NR,VG_GT3P5,CZ",23 ,34 ,22 ,20 ,29 ,32 ,26 ,22 ,21 ,18 ,20 ,27 ,23 ,25 ,19 ,23 ,9 ,18 ,20 ,19 ,17 ,35 ,15 ,26 
"A,NR,VG_GT3P5,DE",: ,127 ,91 ,111 ,104 ,105 ,92 ,112 ,129 ,88 ,75 ,82 ,83 ,: ,: ,32 ,26 ,32 ,29 ,30 ,32 ,26 ,32 ,21 
"A,NR,VG_GT3P5,DK",2 ,0 ,2 ,4 ,1 ,0 ,0 ,1 ,3 ,1 ,1 ,0 ,1 ,0 ,1 ,1 ,2 ,3 ,2 ,3 ,2 ,2 ,2 ,3 
"A,NR,VG_GT3P5,EE",: ,: ,: ,: ,: ,: ,7 ,6 ,3 ,3 ,6 ,1 ,0 ,1 ,2 ,3 ,0 ,: ,: ,: ,: ,: ,: ,: 
"A,NR,VG_GT3P5,EL",33 ,16 ,22 ,21 ,22 ,17 ,12 ,18 ,12 ,17 ,6 ,13 ,9 ,10 ,7 ,11 ,8 ,3 ,8 ,9 ,4 ,9 ,5 ,: 
"A,NR,VG_GT3P5,ES",118 ,111 ,88 ,97 ,78 ,74 ,53 ,68 ,46 ,51 ,39 ,38 ,44 ,24 ,24 ,19 ,28 ,14 ,13 ,17 ,18 ,14 ,3 ,10 
"A,NR,VG_GT3P5,EU27_2020",371 ,513 ,413 ,423 ,436 ,404 ,352 ,405 ,374 ,332 ,260 ,282 ,278 ,186 ,174 ,193 ,184 ,224 ,211 ,203 ,205 ,176 ,207 p,210 p
"A,NR,VG_GT3P5,FI",5 ,9 ,6 ,5 ,9 ,2 ,6 ,7 ,7 ,5 ,6 ,9 ,5 ,10 ,6 ,4 ,4 ,5 ,10 ,3 ,3 ,3 ,3 ,3 
"A,NR,VG_GT3P5,FR",42 ,50 ,57 ,53 ,53 ,30 ,39 ,55 ,31 ,46 ,30 ,32 ,42 ,34 ,29 ,27 ,34 ,35 ,30 ,27 ,27 ,18 ,29 ,30 
"A,NR,VG_GT3P5,HR",: ,: ,: ,: ,: ,: ,: ,: ,0 ,1 ,1 ,4 ,2 ,2 ,2 ,4 ,6 ,0 ,0 ,1 ,1 ,1 ,1 ,0 
"A,NR,VG_GT3P5,HU",: ,: ,: ,: ,13 ,21 ,12 ,25 ,13 ,17 ,7 ,8 ,9 ,13 ,11 ,12 ,8 ,7 ,4 ,10 ,9 ,4 ,7 ,9 
"A,NR,VG_GT3P5,IE",3 ,3 ,4 ,0 ,0 ,4 ,4 ,1 ,4 ,3 ,0 ,0 ,0 ,1 ,0 ,2 ,0 ,1 ,: ,: ,: ,: ,: ,: 
"A,NR,VG_GT3P5,IS",: ,: ,: ,0 ,2 ,1 ,0 ,0 ,0 ,1 ,1 ,1 ,0 ,0 ,0 ,0 ,0 ,1 ,0 ,0 ,0 ,0 ,1 ,1 
"A,NR,VG_GT3P5,IT",33 ,43 ,: ,: ,: ,: ,: ,: ,: ,: ,: ,20 ,16 ,16 ,17 ,12 ,14 ,59 ,60 ,20 ,42 ,5 ,44 ,56 
"A,NR,VG_GT3P5,LT",: ,: ,: ,: ,: ,: ,: ,: ,: ,: ,: ,: ,: ,: ,6 ,4 ,3 ,3 ,3 ,2 ,3 ,2 ,7 ,2 
"A,NR,VG_GT3P5,LU",1 ,0 ,1 ,3 ,0 ,0 ,0 ,2 ,4 ,0 ,0 ,1 ,0 ,0 ,0 ,0 ,0 ,0 ,0 ,0 ,0 ,0 ,0 ,0 
"A,NR,VG_GT3P5,LV",: ,: ,: ,: ,: ,7 ,3 ,9 ,9 ,1 ,2 ,0 ,0 ,4 ,1 ,1 ,4 ,3 ,4 ,1 ,2 ,0 ,: ,: 
"A,NR,VG_GT3P5,MT",: ,: ,: ,: ,: ,: ,0 ,0 ,0 ,1 ,0 ,0 ,: ,: ,: ,: ,0 ,0 ,0 ,0 ,: ,0 ,0 ,: 
"A,NR,VG_GT3P5,NL",9 ,6 ,11 ,6 ,3 ,8 ,7 ,5 ,4 ,6 ,1 ,3 ,0 ,4 ,2 ,3 ,6 ,4 ,4 ,1 ,2 ,2 ,1 ,2 
"A,NR,VG_GT3P5,NO",: ,: ,7 ,8 ,10 ,5 ,11 ,7 ,2 ,9 ,7 ,8 ,7 ,2 ,11 ,6 ,4 ,5 ,1 ,3 ,4 ,3 ,7 ,1 
"A,NR,VG_GT3P5,PL",: ,: ,: ,: ,: ,: ,: ,: ,: ,: ,: ,: ,: ,: ,: ,: ,: ,: ,: ,36 ,26 ,31 ,34 ,28 
"A,NR,VG_GT3P5,PT",33 ,37 ,29 ,17 ,30 ,23 ,24 ,16 ,19 ,13 ,25 ,10 ,12 ,16 ,16 ,7 ,9 ,6 ,4 ,5 ,3 ,4 ,3 ,7 
"A,NR,VG_GT3P5,RO",53 ,56 ,55 ,43 ,61 ,45 ,35 ,22 ,23 ,20 ,9 ,4 ,19 ,14 ,12 ,13 ,11 ,4 ,6 ,6 ,4 ,6 ,8 ,3 
"A,NR,VG_GT3P5,SE",5 ,11 ,5 ,13 ,6 ,5 ,6 ,7 ,6 ,5 ,3 ,5 ,4 ,2 ,5 ,5 ,5 ,6 ,3 ,4 ,3 ,1 ,4 ,2 
"A,NR,VG_GT3P5,SI",: ,0 ,0 ,0 ,0 ,0 ,0 ,: ,2 ,0 ,0 ,0 ,0 ,0 ,0 ,0 ,0 ,0 ,0 ,0 ,1 ,0 ,0 ,2 
"A,NR,VG_GT3P5,SK",: ,: ,8 ,17 ,17 ,14 ,17 ,16 ,21 ,18 ,15 ,18 ,: ,: ,: ,: ,: ,4 ,3 ,3 ,1 ,2 ,1 ,2 
"A,NR,VG_GT3P5,UK",52 ,59 ,57 ,63 ,46 ,47 ,59 ,41 ,54 ,24 ,15 ,30 ,28 ,30 ,22 ,14 ,31 ,14 ,21 ,14 ,: ,: ,: ,: 
"A,NR,VG_LE3P5,AT",13 ,18 ,25 ,19 ,28 ,22 ,24 ,16 ,15 ,19 ,13 ,10 ,5 ,15 ,15 ,10 ,12 ,10 ,16 ,11 ,10 ,15 ,15 ,18 
"A,NR,VG_LE3P5,BE",42 ,52 ,48 ,40 ,27 ,32 ,44 ,34 ,49 ,40 ,43 ,39 ,30 ,31 ,38 ,27 ,37 ,38 ,29 ,30 ,17 ,11 ,28 ,27 
"A,NR,VG_LE3P5,BG",: ,: ,: ,: ,: ,: ,: ,: ,: ,: ,: ,: ,: ,: ,: ,: ,: ,: ,1 ,0 ,0 ,0 ,0 ,0 
"A,NR,VG_LE3P5,CH",: ,: ,9 ,6 ,13 ,6 ,6 ,8 ,4 ,5 ,3 ,6 ,8 ,6 ,3 ,3 ,1 ,1 ,2 ,2 ,8 ,3 ,2 ,3 
"A,NR,VG_LE3P5,CY",: ,: ,: ,: ,: ,: ,9 ,4 ,4 ,8 ,12 ,5 ,4 ,4 ,1 ,4 ,0 ,5 ,4 ,7 ,6 ,0 ,1 ,2 
"A,NR,VG_LE3P5,CZ",26 ,32 ,27 ,32 ,20 ,35 ,36 ,31 ,45 ,27 ,25 ,18 ,15 ,7 ,15 ,16 ,15 ,17 ,12 ,2 ,13 ,0 ,12 ,0 
"A,NR,VG_LE3P5,DE",: ,147 ,137 ,131 ,129 ,128 ,116 ,122 ,84 ,92 ,85 ,75 ,86 ,: ,: ,71 ,62 ,63 ,95 ,79 ,72 ,63 ,64 ,69 
"A,NR,VG_LE3P5,DK",27 ,23 ,22 ,29 ,20 ,13 ,23 ,24 ,24 ,22 ,16 ,14 ,10 ,6 ,17 ,9 ,9 ,6 ,5 ,13 ,9 ,8 ,10 ,6 
"A,NR,VG_LE3P5,EE",: ,: ,: ,: ,: ,: ,0 ,0 ,0 ,0 ,0 ,: ,: ,: ,: ,: ,: ,: ,: ,: ,: ,: ,: ,: 
"A,NR,VG_LE3P5,EL",112 ,118 ,94 ,72 ,86 ,74 ,72 ,82 ,56 ,62 ,75 ,62 ,51 ,51 ,38 ,35 ,44 ,31 ,43 ,31 ,49 ,38 ,39 ,: 
"A,NR,VG_LE3P5,ES",325 ,316 ,317 ,336 ,311 ,288 ,238 ,257 ,229 ,181 ,165 ,110 ,97 ,97 ,68 ,111 ,93 ,88 ,98 ,93 ,86 ,57 ,83 ,98 
"A,NR,VG_LE3P5,EU27_2020",1061 ,1162 ,1066 ,1022 ,1035 ,927 ,979 ,997 ,942 ,889 ,825 ,859 ,787 ,692 ,619 ,719 ,708 ,639 ,669 ,805 ,761 ,603 ,737 p,670 p
"A,NR,VG_LE3P5,FI",9 ,16 ,9 ,12 ,15 ,14 ,12 ,3 ,12 ,9 ,10 ,9 ,9 ,11 ,9 ,10 ,13 ,14 ,12 ,6 ,10 ,10 ,9 ,2 
"A,NR,VG_LE3P5,FR",139 ,75 ,77 ,77 ,77 ,59 ,56 ,120 ,131 ,134 ,144 ,146 ,134 ,145 ,132 ,143 ,120 ,130 ,99 ,92 ,98 ,59 ,103 ,104 
"A,NR,VG_LE3P5,HR",: ,: ,: ,: ,: ,: ,: ,: ,: ,: ,: ,5 ,10 ,15 ,2 ,5 ,5 ,5 ,9 ,4 ,7 ,4 ,10 ,7 
"A,NR,VG_LE3P5,HU",: ,: ,: ,: ,31 ,41 ,44 ,36 ,47 ,33 ,28 ,24 ,30 ,20 ,17 ,25 ,17 ,15 ,24 ,25 ,31 ,20 ,32 ,20 
"A,NR,VG_LE3P5,IE",16 ,10 ,20 ,17 ,19 ,19 ,18 ,16 ,25 ,16 ,13 ,8 ,17 ,10 ,12 ,5 ,5 ,5 ,: ,: ,: ,: ,: ,: 
"A,NR,VG_LE3P5,IS",: ,: ,: ,1 ,0 ,1 ,1 ,2 ,0 ,0 ,1 ,0 ,0 ,1 ,1 ,1 ,0 ,0 ,1 ,4 ,0 ,0 ,0 ,0 
"A,NR,VG_LE3P5,IT",98 ,74 ,: ,: ,: ,: ,: ,: ,: ,: ,: ,141 ,117 ,118 ,102 ,109 ,118 ,58 ,64 ,139 ,70 ,81 ,94 ,72 
"A,NR,VG_LE3P5,LT",: ,: ,: ,: ,: ,: ,: ,: ,: ,: ,: ,: ,: ,: ,1 ,2 ,1 ,3 ,2 ,1 ,1 ,5 ,0 ,2 
"A,NR,VG_LE3P5,LU",: ,: ,: ,: ,: ,: ,: ,: ,: ,: ,: ,: ,1 ,1 ,0 ,0 ,6 ,1 ,1 ,1 ,0 ,2 ,1 ,1 
"A,NR,VG_LE3P5,LV",: ,: ,: ,: ,: ,3 ,2 ,: ,: ,2 ,5 ,0 ,2 ,4 ,5 ,6 ,3 ,2 ,1 ,2 ,8 ,1 ,: ,: 
"A,NR,VG_LE3P5,MT",: ,: ,: ,: ,: ,: ,5 ,0 ,0 ,0 ,0 ,0 ,: ,: ,: ,: ,0 ,0 ,0 ,0 ,0 ,0 ,0 ,: 
"A,NR,VG_LE3P5,NL",45 ,52 ,42 ,36 ,55 ,14 ,20 ,21 ,35 ,31 ,24 ,22 ,18 ,16 ,15 ,7 ,15 ,24 ,21 ,21 ,22 ,21 ,11 ,25 
"A,NR,VG_LE3P5,NO",: ,: ,9 ,15 ,5 ,12 ,6 ,11 ,10 ,7 ,5 ,9 ,5 ,9 ,9 ,1 ,4 ,1 ,2 ,6 ,5 ,5 ,1 ,4 
"A,NR,VG_LE3P5,PL",: ,: ,: ,: ,: ,: ,: ,: ,: ,: ,: ,: ,: ,: ,: ,: ,: ,: ,: ,83 ,84 ,73 ,94 ,66 
"A,NR,VG_LE3P5,PT",143 ,154 ,134 ,135 ,131 ,100 ,116 ,93 ,67 ,83 ,66 ,88 ,76 ,48 ,61 ,49 ,46 ,41 ,55 ,61 ,55 ,41 ,41 ,61 
"A,NR,VG_LE3P5,RO",52 ,61 ,89 ,73 ,68 ,71 ,116 ,124 ,105 ,114 ,87 ,73 ,64 ,72 ,61 ,67 ,77 ,63 ,64 ,73 ,74 ,69 ,69 ,69 
"A,NR,VG_LE3P5,SE",14 ,13 ,15 ,8 ,13 ,5 ,11 ,9 ,9 ,11 ,7 ,7 ,10 ,16 ,5 ,8 ,10 ,6 ,5 ,12 ,26 ,15 ,13 ,12 
"A,NR,VG_LE3P5,SI",: ,1 ,5 ,3 ,3 ,6 ,8 ,2 ,3 ,3 ,6 ,2 ,1 ,5 ,5 ,0 ,0 ,0 ,0 ,0 ,2 ,1 ,4 ,3 
"A,NR,VG_LE3P5,SK",: ,: ,5 ,2 ,2 ,3 ,9 ,3 ,2 ,2 ,1 ,1 ,: ,: ,: ,: ,: ,14 ,9 ,19 ,11 ,9 ,4 ,6 
"A,NR,VG_LE3P5,UK",66 ,70 ,68 ,72 ,74 ,67 ,57 ,55 ,63 ,47 ,40 ,37 ,35 ,34 ,39 ,34 ,34 ,51 ,41 ,38 ,: ,: ,: ,: 
