Title;Year;Bond actor;Director;Box office (millions)[13] Actual $;Box office (millions)[13] Adjusted $2005;Budget (millions)[13] Actual $;Budget (millions)[13] Adjusted $2005;Ref(s)
Title;Year;Bond actor;Director;Box office (millions);Box office (millions);Budget (millions);Budget (millions);Ref(s)
Title;Year;Bond actor;Director;Actual $;Adjusted $2005;Actual $;Adjusted $2005;Ref(s)
Dr. No;1962;Sean Connery;Terence Young;59.5;448.8;1.1;7.0;
From Russia with Love;1963;Sean Connery;Terence Young;78.9;543.8;2.0;12.6;
Goldfinger;1964;Sean Connery;Guy Hamilton;124.9;820.4;3.0;18.6;
Thunderball;1965;Sean Connery;Terence Young;141.2;848.1;6.8;41.9;
You Only Live Twice;1967;Sean Connery;Lewis Gilbert;111.6;514.2;10.3;59.9;
On Her Majesty's Secret Service;1969;George Lazenby;Peter R. Hunt;64.6;291.5;7.0;37.3;
Diamonds Are Forever;1971;Sean Connery;Guy Hamilton;116.0;442.5;7.2;34.7;
Live and Let Die;1973;Roger Moore;Guy Hamilton;126.4;460.3;7.0;30.8;
The Man with the Golden Gun;1974;Roger Moore;Guy Hamilton;97.6;334.0;7.0;27.7;
The Spy Who Loved Me;1977;Roger Moore;Lewis Gilbert;185.4;533.0;14.0;45.1;
Moonraker;1979;Roger Moore;Lewis Gilbert;210.3;535.0;34.0;91.5;
For Your Eyes Only;1981;Roger Moore;John Glen;194.9;449.4;28.0;60.2;
Octopussy;1983;Roger Moore;John Glen;183.7;373.8;27.5;53.9;
A View to a Kill;1985;Roger Moore;John Glen;152.4;275.2;30.0;54.5;
The Living Daylights;1987;Timothy Dalton;John Glen;191.2;313.5;40.0;68.8;
Licence to Kill;1989;Timothy Dalton;John Glen;156.2;250.9;36.0;56.7;
GoldenEye;1995;Pierce Brosnan;Martin Campbell;352.0;518.5;60.0;76.9;
Tomorrow Never Dies;1997;Pierce Brosnan;Roger Spottiswoode;333.0;463.2;110.0;133.9;
The World Is Not Enough;1999;Pierce Brosnan;Michael Apted;361.8;439.5;135.0;158.3;
Die Another Day;2002;Pierce Brosnan;Lee Tamahori;432.0;465.4;142.0;154.2;
Casino Royale;2006;Daniel Craig;Martin Campbell;606.0;589.4;150.0;145.3;
Quantum of Solace;2008;Daniel Craig;Marc Forster;586.1;514.2;200.0;181.4;
Skyfall;2012;Daniel Craig;Sam Mendes;1,108.6;943.5;150–200;128–170;
Spectre;2015;Daniel Craig;Sam Mendes;880.7;725.5;245–250;202–206;
No Time to Die;2021;Daniel Craig;Cary Joji Fukunaga;771.2;582;250–301;189–226;
Total of Eon-produced films;Total of Eon-produced films;Total of Eon-produced films;Total of Eon-produced films;7,612.1;12,676;1,453–1,508;2,069–2,155;
